{
	"credit": "Made with Blockbench",
	"textures": {
		"0": "block/barrel_side",
		"1": "block/barrel_bottom",
		"2": "block/barrel_top",
		"3": "block/anvil",
		"particle": "block/barrel_side"
	},
	"elements": [
		{
			"from": [2, 3, 0],
			"to": [13, 14, 16],
			"rotation": {"angle": 45, "axis": "z", "origin": [8, 9, 8]},
			"faces": {
				"north": {"uv": [2, 2, 13, 13], "rotation": 270, "texture": "#2"},
				"east": {"uv": [0, 0, 11, 16], "rotation": 90, "texture": "#0"},
				"south": {"uv": [2, 2, 13, 13], "texture": "#1"},
				"west": {"uv": [0, 0, 11, 16], "rotation": 90, "texture": "#0"},
				"up": {"uv": [0, 0, 11, 16], "texture": "#0"},
				"down": {"uv": [0, 0, 11, 16], "texture": "#0"}
			}
		},
		{
			"from": [2, 0, 3],
			"to": [14, 7, 5],
			"rotation": {"angle": 0, "axis": "y", "origin": [2, 0, 3]},
			"faces": {
				"north": {"uv": [2, 0, 14, 7], "texture": "#3"},
				"east": {"uv": [7, 0, 9, 7], "texture": "#3"},
				"south": {"uv": [2, 0, 14, 7], "texture": "#3"},
				"west": {"uv": [7, 0, 9, 7], "texture": "#3"},
				"down": {"uv": [2, 0, 14, 2], "texture": "#3"}
			}
		},
		{
			"from": [2, 0, 11],
			"to": [14, 7, 13],
			"rotation": {"angle": 0, "axis": "y", "origin": [2, 0, 11]},
			"faces": {
				"north": {"uv": [2, 0, 14, 7], "texture": "#3"},
				"east": {"uv": [7, 0, 9, 7], "texture": "#3"},
				"south": {"uv": [2, 0, 14, 7], "texture": "#3"},
				"west": {"uv": [7, 0, 9, 7], "texture": "#3"},
				"down": {"uv": [2, 0, 14, 2], "texture": "#3"}
			}
		}
	],
	"display": {
		"thirdperson_righthand": {
			"rotation": [75, 45, 0],
			"translation": [0, 2.5, 0],
			"scale": [0.375, 0.375, 0.375]
		},
		"thirdperson_lefthand": {
			"rotation": [75, 45, 0],
			"translation": [0, 2.5, 0],
			"scale": [0.375, 0.375, 0.375]
		},
		"firstperson_righthand": {
			"rotation": [0, 45, 0],
			"scale": [0.4, 0.4, 0.4]
		},
		"firstperson_lefthand": {
			"rotation": [0, 225, 0],
			"scale": [0.4, 0.4, 0.4]
		},
		"ground": {
			"translation": [0, 3, 0],
			"scale": [0.25, 0.25, 0.25]
		},
		"gui": {
			"rotation": [30, 225, 0],
			"scale": [0.625, 0.625, 0.625]
		},
		"fixed": {
			"scale": [0.5, 0.5, 0.5]
		}
	}
}