{
	"credit": "Made with Blockbench",
	"textures": {
		"0": "books",
		"particle": "books"
	},
	"elements": [
		{
			"from": [5.5, 4, 5],
			"to": [10.5, 6, 9],
			"rotation": {"angle": 45, "axis": "y", "origin": [8, 5.5, 7]},
			"faces": {
				"north": {"uv": [0, 11, 2, 16], "rotation": 90, "texture": "#0"},
				"east": {"uv": [6, 13, 2, 15], "texture": "#0"},
				"south": {"uv": [3, 11, 5, 16], "rotation": 270, "texture": "#0"},
				"west": {"uv": [6, 13, 2, 15], "texture": "#0"},
				"up": {"uv": [6, 11, 2, 16], "rotation": 270, "texture": "#0"}
			}
		},
		{
			"from": [5.5, 2, 4],
			"to": [10.5, 4, 10],
			"rotation": {"angle": -22.5, "axis": "y", "origin": [8, 3, 7]},
			"faces": {
				"north": {"uv": [0, 0, 2, 5], "rotation": 90, "texture": "#0"},
				"east": {"uv": [8, 2, 2, 4], "texture": "#0"},
				"south": {"uv": [4, 0, 6, 5], "rotation": 270, "texture": "#0"},
				"west": {"uv": [8, 2, 2, 4], "texture": "#0"},
				"up": {"uv": [8, 0, 2, 5], "rotation": 270, "texture": "#0"}
			}
		},
		{
			"from": [5, 0, 4],
			"to": [11, 2, 11],
			"rotation": {"angle": 22.5, "axis": "y", "origin": [8, 1, 7.5]},
			"faces": {
				"north": {"uv": [0, 5, 2, 11], "rotation": 90, "texture": "#0"},
				"east": {"uv": [9, 6, 2, 8], "texture": "#0"},
				"south": {"uv": [5, 5, 7, 11], "rotation": 270, "texture": "#0"},
				"west": {"uv": [9, 6, 2, 8], "texture": "#0"},
				"up": {"uv": [9, 5, 2, 11], "rotation": 270, "texture": "#0"},
				"down": {"uv": [2, 5, 9, 11], "rotation": 270, "texture": "#0"}
			}
		}
	],
	"display": {
		"thirdperson_righthand": {
			"rotation": [75, 45, 0],
			"translation": [0, 2.5, 0],
			"scale": [0.375, 0.375, 0.375]
		},
		"thirdperson_lefthand": {
			"rotation": [75, 45, 0],
			"translation": [0, 2.5, 0],
			"scale": [0.375, 0.375, 0.375]
		},
		"firstperson_righthand": {
			"rotation": [0, 45, 0],
			"scale": [0.4, 0.4, 0.4]
		},
		"firstperson_lefthand": {
			"rotation": [0, 225, 0],
			"scale": [0.4, 0.4, 0.4]
		},
		"ground": {
			"translation": [0, 3, 0],
			"scale": [0.25, 0.25, 0.25]
		},
		"gui": {
			"rotation": [30, 225, 0],
			"scale": [0.625, 0.625, 0.625]
		},
		"head": {
			"rotation": [0, 180, 0],
			"translation": [0, 13, 7]
		},
		"fixed": {
			"scale": [0.5, 0.5, 0.5]
		}
	}
}