{
	"credit": "Made with Blockbench",
	"textures": {
		"0": "books",
		"particle": "books"
	},
	"elements": [
		{
			"from": [7, 0, 5],
			"to": [9, 5, 9],
			"faces": {
				"north": {"uv": [0, 11, 2, 16], "texture": "#0"},
				"east": {"uv": [0, 0, 1, 5], "texture": "#missing"},
				"south": {"uv": [3, 11, 5, 16], "texture": "#0"},
				"west": {"uv": [2, 11, 6, 16], "texture": "#0"},
				"up": {"uv": [6, 13, 2, 15], "rotation": 90, "texture": "#0"},
				"down": {"uv": [6, 13, 2, 15], "rotation": 90, "texture": "#0"}
			}
		},
		{
			"from": [3, 0, 4],
			"to": [5, 5, 7],
			"faces": {
				"north": {"uv": [6, 11, 8, 16], "texture": "#0"},
				"east": {"uv": [8, 11, 11, 16], "texture": "#0"},
				"south": {"uv": [8, 11, 10, 16], "texture": "#0"},
				"west": {"uv": [8, 11, 11, 16], "texture": "#0"},
				"up": {"uv": [11, 13, 8, 15], "rotation": 90, "texture": "#0"},
				"down": {"uv": [11, 13, 8, 15], "rotation": 90, "texture": "#0"}
			}
		},
		{
			"from": [5, 0, 6],
			"to": [7, 6, 11],
			"faces": {
				"north": {"uv": [9, 5, 11, 11], "texture": "#0"},
				"east": {"uv": [11, 5, 16, 11], "texture": "#0"},
				"south": {"uv": [12, 5, 14, 11], "texture": "#0"},
				"west": {"uv": [11, 5, 16, 11], "texture": "#0"},
				"up": {"uv": [16, 7, 11, 9], "rotation": 90, "texture": "#0"},
				"down": {"uv": [16, 7, 11, 9], "rotation": 90, "texture": "#0"}
			}
		},
		{
			"from": [11, 0, 5],
			"to": [13, 5, 11],
			"faces": {
				"north": {"uv": [0, 0, 2, 5], "texture": "#0"},
				"east": {"uv": [8, 0, 2, 5], "texture": "#0"},
				"south": {"uv": [4, 0, 6, 5], "texture": "#0"},
				"up": {"uv": [8, 2, 2, 4], "rotation": 90, "texture": "#0"},
				"down": {"uv": [8, 2, 2, 4], "rotation": 90, "texture": "#0"}
			}
		},
		{
			"from": [9, 0, 4],
			"to": [11, 6, 11],
			"faces": {
				"north": {"uv": [0, 5, 2, 11], "texture": "#0"},
				"east": {"uv": [9, 5, 2, 11], "texture": "#0"},
				"south": {"uv": [5, 5, 7, 11], "texture": "#0"},
				"west": {"uv": [2, 5, 9, 11], "texture": "#0"},
				"up": {"uv": [9, 6, 2, 8], "rotation": 90, "texture": "#0"},
				"down": {"uv": [9, 6, 2, 8], "rotation": 90, "texture": "#0"}
			}
		}
	],
	"display": {
		"thirdperson_righthand": {
			"rotation": [75, 45, 0],
			"translation": [0, 2.5, 0],
			"scale": [0.375, 0.375, 0.375]
		},
		"thirdperson_lefthand": {
			"rotation": [75, 45, 0],
			"translation": [0, 2.5, 0],
			"scale": [0.375, 0.375, 0.375]
		},
		"firstperson_righthand": {
			"rotation": [0, 45, 0],
			"scale": [0.4, 0.4, 0.4]
		},
		"firstperson_lefthand": {
			"rotation": [0, 225, 0],
			"scale": [0.4, 0.4, 0.4]
		},
		"ground": {
			"translation": [0, 3, 0],
			"scale": [0.25, 0.25, 0.25]
		},
		"gui": {
			"rotation": [30, 225, 0],
			"scale": [0.625, 0.625, 0.625]
		},
		"head": {
			"rotation": [0, 180, 0],
			"translation": [0, 13, 7]
		},
		"fixed": {
			"scale": [0.5, 0.5, 0.5]
		}
	}
}