{
	"credit": "Made with Blockbench",
	"textures": {
		"0": "steel_seemless",
		"1": "block/fern",
		"2": "bar_scrossed",
		"3": "block/campfire_log",
		"particle": "steel_seemless"
	},
	"elements": [
		{
			"from": [2, 0, 2],
			"to": [14, 3, 14],
			"faces": {
				"north": {"uv": [2, 10, 14, 13], "texture": "#2"},
				"east": {"uv": [2, 10, 14, 13], "texture": "#2"},
				"south": {"uv": [2, 10, 14, 13], "texture": "#2"},
				"west": {"uv": [2, 10, 14, 13], "texture": "#2"}
			}
		},
		{
			"from": [8, 3, 0.5],
			"to": [8, 16, 15.5],
			"rotation": {"angle": 45, "axis": "y", "origin": [8, 3.5, 8]},
			"faces": {
				"north": {"uv": [0, 0, 0, 13], "texture": "#missing"},
				"east": {"uv": [0, 0, 15, 13], "texture": "#1"},
				"south": {"uv": [0, 0, 0, 13], "texture": "#missing"},
				"west": {"uv": [0, 0, 15, 13], "texture": "#1"},
				"up": {"uv": [0, 0, 0, 15], "texture": "#missing"},
				"down": {"uv": [0, 0, 0, 15], "texture": "#missing"}
			}
		},
		{
			"from": [0.5, 3, 8],
			"to": [15.5, 16, 8],
			"rotation": {"angle": 45, "axis": "y", "origin": [8, 3.5, 8]},
			"faces": {
				"north": {"uv": [0, 0, 15, 13], "texture": "#1"},
				"east": {"uv": [0, 0, 0, 13], "texture": "#missing"},
				"south": {"uv": [0, 0, 15, 13], "texture": "#1"},
				"west": {"uv": [0, 0, 0, 13], "texture": "#missing"},
				"up": {"uv": [0, 0, 0, 15], "rotation": 270, "texture": "#missing"},
				"down": {"uv": [0, 0, 0, 15], "rotation": 90, "texture": "#missing"}
			}
		},
		{
			"from": [2, 3, 2],
			"to": [14, 3, 14],
			"faces": {
				"north": {"uv": [0, 0, 12, 0], "texture": "#missing"},
				"east": {"uv": [0, 0, 12, 0], "texture": "#missing"},
				"south": {"uv": [0, 0, 12, 0], "texture": "#missing"},
				"west": {"uv": [0, 0, 12, 0], "texture": "#missing"},
				"up": {"uv": [0, 0, 12, 12], "texture": "#0"},
				"down": {"uv": [0, 0, 12, 12], "texture": "#0"}
			}
		},
		{
			"from": [2, 3, 2],
			"to": [14, 13, 2],
			"rotation": {"angle": 0, "axis": "y", "origin": [8, 8, 2]},
			"faces": {
				"north": {"uv": [2, 2, 14, 12], "texture": "#2"},
				"south": {"uv": [2, 2, 14, 12], "texture": "#2"}
			}
		},
		{
			"from": [2, 3, 14],
			"to": [14, 13, 14],
			"rotation": {"angle": 0, "axis": "y", "origin": [8, 8, 2]},
			"faces": {
				"north": {"uv": [2, 2, 14, 12], "texture": "#2"},
				"south": {"uv": [2, 2, 14, 12], "texture": "#2"}
			}
		},
		{
			"from": [2, 3, 2],
			"to": [2, 13, 14],
			"rotation": {"angle": 0, "axis": "y", "origin": [8, 8, 2]},
			"faces": {
				"east": {"uv": [2, 2, 14, 12], "texture": "#2"},
				"west": {"uv": [2, 2, 14, 12], "texture": "#2"}
			}
		},
		{
			"from": [14, 3, 2],
			"to": [14, 13, 14],
			"rotation": {"angle": 0, "axis": "y", "origin": [8, 8, 2]},
			"faces": {
				"east": {"uv": [2, 2, 14, 12], "texture": "#2"},
				"west": {"uv": [2, 2, 14, 12], "texture": "#2"}
			}
		},
		{
			"from": [4, 3, 4],
			"to": [12, 4, 12],
			"faces": {
				"north": {"uv": [2, 15, 14, 16], "texture": "#3"},
				"east": {"uv": [2, 15, 14, 16], "texture": "#3"},
				"south": {"uv": [2, 15, 14, 16], "texture": "#3"},
				"west": {"uv": [2, 15, 14, 16], "texture": "#3"},
				"up": {"uv": [4, 8, 12, 16], "texture": "#3"}
			}
		}
	],
	"display": {
		"thirdperson_righthand": {
			"rotation": [75, 45, 0],
			"translation": [0, 2.5, 0],
			"scale": [0.375, 0.375, 0.375]
		},
		"thirdperson_lefthand": {
			"rotation": [75, 45, 0],
			"translation": [0, 2.5, 0],
			"scale": [0.375, 0.375, 0.375]
		},
		"firstperson_righthand": {
			"rotation": [0, 45, 0],
			"scale": [0.4, 0.4, 0.4]
		},
		"firstperson_lefthand": {
			"rotation": [0, 225, 0],
			"scale": [0.4, 0.4, 0.4]
		},
		"ground": {
			"translation": [0, 3, 0],
			"scale": [0.25, 0.25, 0.25]
		},
		"gui": {
			"rotation": [30, 225, 0],
			"scale": [0.625, 0.625, 0.625]
		},
		"fixed": {
			"scale": [0.5, 0.5, 0.5]
		}
	}
}