{
	"credit": "Made with Blockbench",
	"textures": {
		"0": "block/anvil",
		"3": "block/redstone_lamp_on",
		"4": "Downloads/bar_scrossed",
		"particle": "block/anvil"
	},
	"elements": [
		{
			"from": [4.5, 4.5, 7.5],
			"to": [11.5, 11.5, 14.5],
			"faces": {
				"north": {"uv": [4, 4, 12, 12], "texture": "#4"},
				"east": {"uv": [4, 4, 12, 12], "texture": "#4"},
				"west": {"uv": [4, 4, 12, 12], "texture": "#4"},
				"up": {"uv": [4, 4, 12, 12], "texture": "#4"},
				"down": {"uv": [4, 4, 12, 12], "texture": "#4"}
			}
		},
		{
			"from": [5, 5, 8],
			"to": [11, 11, 14],
			"faces": {
				"north": {"uv": [5, 5, 11, 11], "texture": "#3"},
				"east": {"uv": [5, 5, 11, 11], "rotation": 90, "texture": "#3"},
				"west": {"uv": [5, 5, 11, 11], "rotation": 270, "texture": "#3"},
				"up": {"uv": [5, 5, 11, 11], "texture": "#3"},
				"down": {"uv": [5, 5, 11, 11], "rotation": 180, "texture": "#3"}
			}
		},
		{
			"from": [4, 4, 14],
			"to": [12, 12, 16],
			"faces": {
				"north": {"uv": [4, 4, 12, 12], "texture": "#0"},
				"east": {"uv": [6, 0, 14, 2], "rotation": 90, "texture": "#0"},
				"south": {"uv": [4, 4, 12, 12], "rotation": 180, "texture": "#0"},
				"west": {"uv": [3, 0, 11, 2], "rotation": 270, "texture": "#0"},
				"up": {"uv": [2, 0, 10, 2], "texture": "#0"},
				"down": {"uv": [5, 0, 13, 2], "rotation": 180, "texture": "#0"}
			}
		}
	],
	"display": {
		"thirdperson_righthand": {
			"rotation": [160, 0, 26],
			"translation": [0, 1.5, 2],
			"scale": [0.5, 0.5, 0.5]
		},
		"thirdperson_lefthand": {
			"rotation": [160, 0, -26],
			"translation": [0, 1.5, 2],
			"scale": [0.5, 0.5, 0.5]
		},
		"firstperson_righthand": {
			"rotation": [90, 0, 26],
			"translation": [-1, 3.5, 1.5],
			"scale": [0.6, 0.6, 0.6]
		},
		"firstperson_lefthand": {
			"rotation": [90, 0, 26],
			"translation": [-1, 3.5, 1.5],
			"scale": [0.6, 0.6, 0.6]
		},
		"ground": {
			"rotation": [90, 0, 0],
			"translation": [0, 1.5, 0],
			"scale": [0.6, 0.6, 0.6]
		},
		"gui": {
			"rotation": [90, 0, 0],
			"translation": [0, 5, 0],
			"scale": [1.33, 1.33, 1.33]
		},
		"fixed": {
			"rotation": [90, 0, 0],
			"translation": [0, 6, 0],
			"scale": [1.5, 1.5, 1.5]
		}
	},
	"groups": [
		{
			"name": "Lamp",
			"origin": [0, 0, 0],
			"color": 0,
			"children": [0, 1, 2]
		}
	]
}