{
	"credit": "Made with Blockbench",
	"textures": {
		"0": "block/anvil",
		"1": "block/blue_wool",
		"2": "block/iron_block",
		"particle": "block/anvil"
	},
	"elements": [
		{
			"from": [3, 0, 3],
			"to": [13, 2, 13],
			"faces": {
				"north": {"uv": [3, 14, 13, 16], "texture": "#0"},
				"east": {"uv": [3, 14, 13, 16], "texture": "#0"},
				"south": {"uv": [3, 14, 13, 16], "texture": "#0"},
				"west": {"uv": [3, 14, 13, 16], "texture": "#0"},
				"up": {"uv": [3, 3, 13, 13], "texture": "#0"},
				"down": {"uv": [3, 3, 13, 13], "texture": "#0"}
			}
		},
		{
			"from": [5, 2, 5],
			"to": [11, 5, 11],
			"faces": {
				"north": {"uv": [5, 11, 11, 14], "texture": "#0"},
				"east": {"uv": [5, 11, 11, 14], "texture": "#0"},
				"south": {"uv": [5, 11, 11, 14], "texture": "#0"},
				"west": {"uv": [5, 11, 11, 14], "texture": "#0"}
			}
		},
		{
			"from": [0, 5, 0],
			"to": [16, 6, 16],
			"faces": {
				"north": {"uv": [0, 15, 16, 16], "texture": "#2"},
				"east": {"uv": [0, 15, 16, 16], "texture": "#2"},
				"south": {"uv": [0, 15, 16, 16], "texture": "#2"},
				"west": {"uv": [0, 15, 16, 16], "texture": "#2"},
				"up": {"uv": [0, 0, 16, 16], "texture": "#2"},
				"down": {"uv": [0, 0, 16, 16], "texture": "#2"}
			}
		},
		{
			"from": [2, 6, 0],
			"to": [14, 8, 14],
			"faces": {
				"north": {"uv": [2, 8, 14, 10], "texture": "#1"},
				"south": {"uv": [2, 8, 14, 10], "texture": "#1"},
				"up": {"uv": [2, 2, 14, 16], "texture": "#1"}
			}
		},
		{
			"from": [0, 6, 0],
			"to": [2, 9, 14],
			"faces": {
				"north": {"uv": [14, 7, 16, 10], "texture": "#1"},
				"east": {"uv": [2, 7, 16, 10], "texture": "#1"},
				"south": {"uv": [14, 7, 16, 10], "texture": "#1"},
				"west": {"uv": [2, 7, 16, 10], "texture": "#1"},
				"up": {"uv": [14, 2, 16, 16], "texture": "#1"}
			}
		},
		{
			"from": [14, 6, 0],
			"to": [16, 9, 14],
			"faces": {
				"north": {"uv": [0, 7, 2, 10], "texture": "#1"},
				"east": {"uv": [0, 7, 14, 10], "texture": "#1"},
				"south": {"uv": [0, 7, 2, 10], "texture": "#1"},
				"west": {"uv": [0, 7, 14, 10], "texture": "#1"},
				"up": {"uv": [0, 2, 2, 16], "texture": "#1"}
			}
		},
		{
			"from": [14, 11, 2],
			"to": [16, 13, 18],
			"faces": {
				"north": {"uv": [0, 3, 2, 5], "texture": "#1"},
				"east": {"uv": [0, 3, 16, 5], "texture": "#1"},
				"south": {"uv": [0, 3, 2, 5], "texture": "#1"},
				"west": {"uv": [0, 3, 16, 5], "texture": "#1"},
				"up": {"uv": [0, 0, 2, 16], "texture": "#1"},
				"down": {"uv": [14, 0, 16, 16], "texture": "#2"}
			}
		},
		{
			"from": [0, 11, 2],
			"to": [2, 13, 18],
			"faces": {
				"north": {"uv": [14, 3, 16, 5], "texture": "#1"},
				"east": {"uv": [0, 3, 16, 5], "texture": "#1"},
				"south": {"uv": [14, 3, 16, 5], "texture": "#1"},
				"west": {"uv": [0, 3, 16, 5], "texture": "#1"},
				"up": {"uv": [14, 0, 16, 16], "texture": "#1"},
				"down": {"uv": [0, 0, 2, 16], "texture": "#2"}
			}
		},
		{
			"from": [0.25, 6, 16],
			"to": [15.75, 23, 19],
			"rotation": {"angle": 22.5, "axis": "x", "origin": [8, 13, 15]},
			"faces": {
				"north": {"uv": [0, 0, 15.5, 16], "texture": "#1"},
				"east": {"uv": [0, 0, 3, 16], "texture": "#1"},
				"south": {"uv": [0, 0, 15.5, 16], "texture": "#2"},
				"west": {"uv": [13, 0, 16, 16], "texture": "#1"},
				"up": {"uv": [0, 0, 15.5, 3], "texture": "#1"}
			}
		},
		{
			"from": [4, 20, 19],
			"to": [12, 24, 22],
			"rotation": {"angle": 0, "axis": "x", "origin": [8, 13, 15]},
			"faces": {
				"north": {"uv": [4, 12, 12, 16], "texture": "#1"},
				"east": {"uv": [0, 12, 3, 16], "texture": "#1"},
				"south": {"uv": [4, 12, 12, 16], "texture": "#2"},
				"west": {"uv": [13, 12, 16, 16], "texture": "#1"},
				"up": {"uv": [4, 13, 12, 16], "texture": "#1"}
			}
		}
	],
	"display": {
		"thirdperson_righthand": {
			"rotation": [75, 45, 0],
			"translation": [0, 2.5, 0],
			"scale": [0.375, 0.375, 0.375]
		},
		"thirdperson_lefthand": {
			"rotation": [75, 45, 0],
			"translation": [0, 2.5, 0],
			"scale": [0.375, 0.375, 0.375]
		},
		"firstperson_righthand": {
			"rotation": [0, 45, 0],
			"scale": [0.4, 0.4, 0.4]
		},
		"firstperson_lefthand": {
			"rotation": [0, 225, 0],
			"scale": [0.4, 0.4, 0.4]
		},
		"ground": {
			"translation": [0, 3, 0],
			"scale": [0.25, 0.25, 0.25]
		},
		"gui": {
			"rotation": [30, 225, 0],
			"translation": [1.25, -2.5, 0],
			"scale": [0.5, 0.5, 0.5]
		},
		"fixed": {
			"rotation": [-90, 0, 0],
			"translation": [0, 0, -4.5],
			"scale": [0.5, 0.5, 0.5]
		}
	}
}