{
	"credit": "Made with Blockbench",
	"textures": {
		"0": "block/poppy",
		"1": "block/azure_bluet",
		"2": "block/dirt",
		"3": "block/spruce_planks",
		"4": "small_bush",
		"particle": "block/poppy"
	},
	"elements": [
		{
			"name": "Dirt",
			"from": [2, 5.5, 2],
			"to": [14, 6.5, 14],
			"rotation": {"angle": 0, "axis": "y", "origin": [0, -1, 0]},
			"faces": {
				"up": {"uv": [2, 2, 14, 14], "texture": "#2"}
			}
		},
		{
			"from": [13.5, 6, 2.5],
			"to": [14.5, 7, 13.5],
			"rotation": {"angle": 0, "axis": "y", "origin": [0, -1, 0]},
			"faces": {
				"east": {"uv": [2, 3, 13, 4], "texture": "#3"},
				"west": {"uv": [2, 11, 13, 12], "texture": "#3"},
				"up": {"uv": [2, 7, 13, 8], "rotation": 90, "texture": "#3"},
				"down": {"uv": [2, 7, 13, 8], "rotation": 90, "texture": "#3"}
			}
		},
		{
			"from": [2, 0, 2],
			"to": [14, 6, 14],
			"rotation": {"angle": 0, "axis": "y", "origin": [8, 3, 8]},
			"faces": {
				"north": {"uv": [2, 10, 14, 16], "texture": "#3"},
				"east": {"uv": [2, 10, 14, 16], "texture": "#3"},
				"south": {"uv": [2, 10, 14, 16], "texture": "#3"},
				"west": {"uv": [2, 10, 14, 16], "texture": "#3"},
				"down": {"uv": [2, 2, 14, 14], "texture": "#3"}
			}
		},
		{
			"from": [1.5, 6, 1.5],
			"to": [14.5, 7, 2.5],
			"rotation": {"angle": 0, "axis": "y", "origin": [0, -1, 0]},
			"faces": {
				"north": {"uv": [1, 3, 14, 4], "texture": "#3"},
				"east": {"uv": [0, 3, 1, 4], "texture": "#3"},
				"south": {"uv": [1, 11, 15, 12], "texture": "#3"},
				"west": {"uv": [15, 3, 16, 4], "texture": "#3"},
				"up": {"uv": [1, 15, 14, 16], "texture": "#3"},
				"down": {"uv": [1, 7, 14, 8], "texture": "#3"}
			}
		},
		{
			"from": [1.5, 6, 13.5],
			"to": [14.5, 7, 14.5],
			"rotation": {"angle": 0, "axis": "y", "origin": [0, -1, 0]},
			"faces": {
				"north": {"uv": [1, 11, 14, 12], "texture": "#3"},
				"east": {"uv": [15, 3, 16, 4], "texture": "#3"},
				"south": {"uv": [1, 3, 14, 4], "texture": "#3"},
				"west": {"uv": [0, 3, 1, 4], "texture": "#3"},
				"up": {"uv": [1, 15, 14, 16], "texture": "#3"},
				"down": {"uv": [1, 0, 14, 1], "texture": "#3"}
			}
		},
		{
			"from": [1.5, 6, 2.5],
			"to": [2.5, 7, 13.5],
			"rotation": {"angle": 0, "axis": "y", "origin": [0, -1, 0]},
			"faces": {
				"east": {"uv": [2, 11, 13, 12], "texture": "#3"},
				"west": {"uv": [2, 3, 13, 4], "texture": "#3"},
				"up": {"uv": [2, 7, 13, 8], "rotation": 90, "texture": "#3"},
				"down": {"uv": [2, 7, 13, 8], "rotation": 90, "texture": "#3"}
			}
		},
		{
			"from": [-2, 5, 11],
			"to": [10, 21, 11],
			"rotation": {"angle": 45, "axis": "y", "origin": [4, 13, 11]},
			"faces": {
				"north": {"uv": [2, 0, 14, 16], "texture": "#0"},
				"south": {"uv": [2, 0, 14, 16], "texture": "#0"}
			}
		},
		{
			"from": [4, 5, 5],
			"to": [4, 21, 17],
			"rotation": {"angle": 45, "axis": "y", "origin": [4, 13, 11]},
			"faces": {
				"east": {"uv": [2, 0, 14, 16], "texture": "#0"},
				"west": {"uv": [2, 0, 14, 16], "texture": "#0"}
			}
		},
		{
			"from": [6, 5, 5],
			"to": [18, 21, 5],
			"rotation": {"angle": 45, "axis": "y", "origin": [12, 13, 5]},
			"faces": {
				"north": {"uv": [2, 0, 14, 16], "texture": "#0"},
				"south": {"uv": [2, 0, 14, 16], "texture": "#0"}
			}
		},
		{
			"from": [12, 5, -1],
			"to": [12, 21, 11],
			"rotation": {"angle": 45, "axis": "y", "origin": [12, 13, 5]},
			"faces": {
				"east": {"uv": [2, 0, 14, 16], "texture": "#0"},
				"west": {"uv": [2, 0, 14, 16], "texture": "#0"}
			}
		},
		{
			"from": [5, 6, 10],
			"to": [17, 22, 10],
			"rotation": {"angle": 45, "axis": "y", "origin": [11, 14, 10]},
			"faces": {
				"north": {"uv": [2, 0, 14, 16], "texture": "#1"},
				"south": {"uv": [2, 0, 14, 16], "texture": "#1"}
			}
		},
		{
			"from": [11, 6, 4],
			"to": [11, 22, 16],
			"rotation": {"angle": 45, "axis": "y", "origin": [11, 14, 10]},
			"faces": {
				"east": {"uv": [2, 0, 14, 16], "texture": "#1"},
				"west": {"uv": [2, 0, 14, 16], "texture": "#1"}
			}
		},
		{
			"from": [-1, 6, 6],
			"to": [11, 22, 6],
			"rotation": {"angle": 45, "axis": "y", "origin": [5, 14, 6]},
			"faces": {
				"north": {"uv": [2, 0, 14, 16], "texture": "#1"},
				"south": {"uv": [2, 0, 14, 16], "texture": "#1"}
			}
		},
		{
			"from": [5, 6, 0],
			"to": [5, 22, 12],
			"rotation": {"angle": 45, "axis": "y", "origin": [5, 14, 6]},
			"faces": {
				"east": {"uv": [2, 0, 14, 16], "texture": "#1"},
				"west": {"uv": [2, 0, 14, 16], "texture": "#1"}
			}
		},
		{
			"from": [3, 6, 3],
			"to": [3, 14, 13],
			"rotation": {"angle": -22.5, "axis": "z", "origin": [2, 6, 7]},
			"faces": {
				"east": {"uv": [3, 0, 13, 8], "texture": "#4"},
				"west": {"uv": [3, 0, 13, 8], "texture": "#4"}
			}
		},
		{
			"from": [3, 6, 4],
			"to": [13, 14, 4],
			"rotation": {"angle": 22.5, "axis": "x", "origin": [7, 6, 5]},
			"faces": {
				"north": {"uv": [3, 0, 13, 8], "texture": "#4"},
				"south": {"uv": [3, 0, 13, 8], "texture": "#4"}
			}
		},
		{
			"from": [12, 6, 3],
			"to": [12, 14, 13],
			"rotation": {"angle": 22.5, "axis": "z", "origin": [11, 6, 7]},
			"faces": {
				"east": {"uv": [3, 0, 13, 8], "texture": "#4"},
				"west": {"uv": [3, 0, 13, 8], "texture": "#4"}
			}
		},
		{
			"from": [3, 6, 12],
			"to": [13, 14, 12],
			"rotation": {"angle": -22.5, "axis": "x", "origin": [9, 6, 11]},
			"faces": {
				"north": {"uv": [3, 0, 13, 8], "texture": "#4"},
				"south": {"uv": [3, 0, 13, 8], "texture": "#4"}
			}
		}
	],
	"display": {
		"thirdperson_righthand": {
			"rotation": [75, 45, 0],
			"translation": [0, 2.5, 0],
			"scale": [0.375, 0.375, 0.375]
		},
		"thirdperson_lefthand": {
			"rotation": [75, 45, 0],
			"translation": [0, 2.5, 0],
			"scale": [0.375, 0.375, 0.375]
		},
		"firstperson_righthand": {
			"rotation": [0, 45, 0],
			"scale": [0.4, 0.4, 0.4]
		},
		"firstperson_lefthand": {
			"rotation": [0, 225, 0],
			"scale": [0.4, 0.4, 0.4]
		},
		"ground": {
			"translation": [0, 3, 0],
			"scale": [0.25, 0.25, 0.25]
		},
		"gui": {
			"rotation": [30, 225, 0],
			"scale": [0.625, 0.625, 0.625]
		},
		"head": {
			"translation": [0, 11.25, 0]
		},
		"fixed": {
			"scale": [0.5, 0.5, 0.5]
		}
	},
	"groups": [
		0,
		{
			"name": "Basket",
			"origin": [0, 0, 0],
			"color": 0,
			"children": [1, 2, 3, 4, 5]
		},
		{
			"name": "Flowers",
			"origin": [0, 0, 0],
			"color": 0,
			"children": [
				{
					"name": "Flower1",
					"origin": [0, 0, 0],
					"color": 0,
					"children": [6, 7]
				},
				{
					"name": "Flower1",
					"origin": [0, 0, 0],
					"color": 0,
					"children": [8, 9]
				},
				{
					"name": "Flower2",
					"origin": [0, 0, 0],
					"color": 0,
					"children": [10, 11]
				},
				{
					"name": "Flower2",
					"origin": [0, 0, 0],
					"color": 0,
					"children": [12, 13]
				}
			]
		},
		{
			"name": "Grass",
			"origin": [0, 0, 0],
			"color": 0,
			"children": [14, 15, 16, 17]
		}
	]
}