{
	"credit": "Made with Blockbench",
	"textures": {
		"0": "block/polished_andesite",
		"particle": "block/polished_andesite"
	},
	"elements": [
		{
			"from": [0, 0, 0],
			"to": [16, 2, 16],
			"faces": {
				"north": {"uv": [0, 0, 16, 2], "texture": "#0"},
				"east": {"uv": [0, 0, 16, 2], "texture": "#0"},
				"south": {"uv": [0, 0, 16, 2], "texture": "#0"},
				"west": {"uv": [0, 0, 16, 2], "texture": "#0"},
				"up": {"uv": [0, 0, 16, 16], "texture": "#0"},
				"down": {"uv": [0, 0, 16, 16], "texture": "#0"}
			}
		},
		{
			"from": [0, 2, 3],
			"to": [3, 13, 6],
			"rotation": {"angle": 0, "axis": "y", "origin": [0, 2, 3]},
			"faces": {
				"north": {"uv": [0, 0, 3, 11], "texture": "#0"},
				"east": {"uv": [0, 0, 3, 11], "texture": "#0"},
				"south": {"uv": [0, 0, 3, 11], "texture": "#0"},
				"west": {"uv": [0, 0, 3, 11], "texture": "#0"},
				"up": {"uv": [1, 2, 4, 5], "texture": "#0"}
			}
		},
		{
			"from": [3, 2, 13],
			"to": [5, 8, 15],
			"rotation": {"angle": 0, "axis": "y", "origin": [0, 2, 3]},
			"faces": {
				"north": {"uv": [0, 0, 2, 6], "texture": "#0"},
				"east": {"uv": [0, 0, 2, 6], "texture": "#0"},
				"south": {"uv": [0, 0, 2, 6], "texture": "#0"},
				"west": {"uv": [0, 0, 2, 6], "texture": "#0"},
				"up": {"uv": [1, 3, 3, 5], "texture": "#0"}
			}
		},
		{
			"from": [11, 2, 13],
			"to": [13, 8, 15],
			"rotation": {"angle": 0, "axis": "y", "origin": [16, 2, 3]},
			"faces": {
				"north": {"uv": [2, 0, 0, 6], "texture": "#0"},
				"east": {"uv": [0, 0, 2, 6], "texture": "#0"},
				"south": {"uv": [0, 0, 2, 6], "texture": "#0"},
				"west": {"uv": [0, 0, 2, 6], "texture": "#0"},
				"up": {"uv": [1, 3, 3, 5], "texture": "#0"}
			}
		},
		{
			"from": [13, 2, 3],
			"to": [16, 13, 6],
			"rotation": {"angle": 0, "axis": "y", "origin": [16, 2, 3]},
			"faces": {
				"north": {"uv": [0, 0, 3, 11], "texture": "#0"},
				"east": {"uv": [0, 0, 3, 11], "texture": "#0"},
				"south": {"uv": [0, 0, 3, 11], "texture": "#0"},
				"west": {"uv": [0, 0, 3, 11], "texture": "#0"},
				"up": {"uv": [1, 2, 4, 5], "texture": "#0"}
			}
		},
		{
			"from": [2, 8, 2],
			"to": [14, 15, 9],
			"rotation": {"angle": 22.5, "axis": "x", "origin": [8, 11.5, 5.5]},
			"faces": {
				"north": {"uv": [0, 0, 12, 7], "rotation": 180, "texture": "#0"},
				"east": {"uv": [0, 0, 7, 7], "rotation": 90, "texture": "#0"},
				"south": {"uv": [1, 1, 13, 8], "texture": "#0"},
				"west": {"uv": [7, 0, 0, 7], "rotation": 270, "texture": "#0"},
				"up": {"uv": [0, 0, 12, 7], "texture": "#0"},
				"down": {"uv": [0, 0, 12, 7], "rotation": 180, "texture": "#0"}
			}
		},
		{
			"from": [4, 9, 9],
			"to": [12, 15, 16],
			"rotation": {"angle": 22.5, "axis": "x", "origin": [8, 11.5, 5.5]},
			"faces": {
				"east": {"uv": [0, 1, 6, 8], "rotation": 90, "texture": "#0"},
				"south": {"uv": [0, 0, 8, 6], "texture": "#0"},
				"west": {"uv": [6, 1, 0, 8], "rotation": 270, "texture": "#0"},
				"up": {"uv": [0, 1, 8, 8], "texture": "#0"},
				"down": {"uv": [0, 1, 8, 8], "rotation": 180, "texture": "#0"}
			}
		},
		{
			"from": [-1, 16, 2],
			"to": [6, 17, 15],
			"rotation": {"angle": 22.5, "axis": "z", "origin": [2.5, 16.5, 8.5]},
			"faces": {
				"north": {"uv": [0, 0, 1, 7], "rotation": 270, "texture": "#0"},
				"east": {"uv": [0, 0, 1, 13], "rotation": 90, "texture": "#0"},
				"south": {"uv": [0, 0, 1, 7], "rotation": 90, "texture": "#0"},
				"west": {"uv": [0, 0, 1, 13], "rotation": 90, "texture": "#0"},
				"up": {"uv": [0, 0, 13, 7], "rotation": 90, "texture": "#0"},
				"down": {"uv": [0, 0, 13, 7], "rotation": 90, "texture": "#0"}
			}
		},
		{
			"from": [10, 16, 2],
			"to": [17, 17, 15],
			"rotation": {"angle": -22.5, "axis": "z", "origin": [13.5, 16.5, 8.5]},
			"faces": {
				"north": {"uv": [1, 0, 0, 7], "rotation": 90, "texture": "#0"},
				"east": {"uv": [1, 0, 0, 13], "rotation": 270, "texture": "#0"},
				"south": {"uv": [1, 0, 0, 7], "rotation": 270, "texture": "#0"},
				"west": {"uv": [1, 0, 0, 13], "rotation": 270, "texture": "#0"},
				"up": {"uv": [13, 0, 0, 7], "rotation": 270, "texture": "#0"},
				"down": {"uv": [13, 0, 0, 7], "rotation": 270, "texture": "#0"}
			}
		},
		{
			"from": [5, 11, -2],
			"to": [11, 17, 2],
			"rotation": {"angle": 0, "axis": "y", "origin": [9, 11, 1]},
			"faces": {
				"north": {"uv": [1, 1, 7, 7], "texture": "#0"},
				"east": {"uv": [0, 0, 4, 6], "texture": "#0"},
				"south": {"uv": [1, 1, 7, 7], "texture": "#0"},
				"west": {"uv": [4, 0, 0, 6], "texture": "#0"},
				"up": {"uv": [1, 4, 7, 0], "texture": "#0"},
				"down": {"uv": [1, 0, 7, 4], "texture": "#0"}
			}
		},
		{
			"from": [4.75, 14, -2.25],
			"to": [6.75, 15, -1.25],
			"rotation": {"angle": 0, "axis": "y", "origin": [4.75, 14, -2.25]},
			"faces": {
				"north": {"uv": [1, 15, 3, 16], "texture": "#0"},
				"east": {"uv": [0, 0, 1, 1], "texture": "#0"},
				"south": {"uv": [0, 0, 2, 1], "texture": "#0"},
				"west": {"uv": [2, 15, 3, 16], "texture": "#0"},
				"up": {"uv": [0, 0, 2, 1], "texture": "#0"},
				"down": {"uv": [0, 0, 2, 1], "texture": "#0"}
			}
		},
		{
			"from": [9.25, 14, -2.25],
			"to": [11.25, 15, -1.25],
			"rotation": {"angle": 0, "axis": "y", "origin": [11.25, 14, -2.25]},
			"faces": {
				"north": {"uv": [3, 15, 1, 16], "texture": "#0"},
				"east": {"uv": [3, 15, 2, 16], "texture": "#0"},
				"south": {"uv": [2, 0, 0, 1], "texture": "#0"},
				"west": {"uv": [1, 0, 0, 1], "texture": "#0"},
				"up": {"uv": [2, 0, 0, 1], "texture": "#0"},
				"down": {"uv": [2, 0, 0, 1], "texture": "#0"}
			}
		}
	],
	"display": {
		"thirdperson_righthand": {
			"rotation": [75, 45, 0],
			"translation": [0, 2.5, 0],
			"scale": [0.375, 0.375, 0.375]
		},
		"thirdperson_lefthand": {
			"rotation": [75, 45, 0],
			"translation": [0, 2.5, 0],
			"scale": [0.375, 0.375, 0.375]
		},
		"firstperson_righthand": {
			"rotation": [0, 45, 0],
			"scale": [0.4, 0.4, 0.4]
		},
		"firstperson_lefthand": {
			"rotation": [0, 225, 0],
			"scale": [0.4, 0.4, 0.4]
		},
		"ground": {
			"translation": [0, 3, 0],
			"scale": [0.25, 0.25, 0.25]
		},
		"gui": {
			"rotation": [30, 225, 0],
			"scale": [0.625, 0.625, 0.625]
		},
		"fixed": {
			"scale": [0.5, 0.5, 0.5]
		}
	}
}