{
	"credit": "Made with Blockbench",
	"textures": {
		"0": "block/dark_oak_planks",
		"1": "block/glass",
		"2": "block/sand",
		"particle": "block/dark_oak_planks"
	},
	"elements": [
		{
			"from": [4, 0, 4],
			"to": [12, 1, 12],
			"faces": {
				"north": {"uv": [0, 0, 8, 1], "texture": "#0"},
				"east": {"uv": [0, 0, 8, 1], "texture": "#0"},
				"south": {"uv": [0, 0, 8, 1], "texture": "#0"},
				"west": {"uv": [0, 0, 8, 1], "texture": "#0"},
				"up": {"uv": [0, 0, 8, 8], "texture": "#0"},
				"down": {"uv": [0, 0, 8, 8], "texture": "#0"}
			}
		},
		{
			"from": [4, 13, 4],
			"to": [12, 14, 12],
			"faces": {
				"north": {"uv": [0, 0, 8, 1], "texture": "#0"},
				"east": {"uv": [0, 0, 8, 1], "texture": "#0"},
				"south": {"uv": [0, 0, 8, 1], "texture": "#0"},
				"west": {"uv": [0, 0, 8, 1], "texture": "#0"},
				"up": {"uv": [0, 0, 8, 8], "texture": "#0"},
				"down": {"uv": [0, 0, 8, 8], "texture": "#0"}
			}
		},
		{
			"from": [5, 1, 5],
			"to": [6, 13, 6],
			"faces": {
				"north": {"uv": [0, 0, 1, 12], "texture": "#0"},
				"east": {"uv": [0, 0, 1, 12], "texture": "#0"},
				"south": {"uv": [0, 0, 1, 12], "texture": "#0"},
				"west": {"uv": [0, 0, 1, 12], "texture": "#0"}
			}
		},
		{
			"from": [5, 1, 10],
			"to": [6, 13, 11],
			"faces": {
				"north": {"uv": [0, 0, 1, 12], "texture": "#0"},
				"east": {"uv": [0, 0, 1, 12], "texture": "#0"},
				"south": {"uv": [0, 0, 1, 12], "texture": "#0"},
				"west": {"uv": [0, 0, 1, 12], "texture": "#0"}
			}
		},
		{
			"from": [10, 1, 5],
			"to": [11, 13, 6],
			"faces": {
				"north": {"uv": [0, 0, 1, 12], "texture": "#0"},
				"east": {"uv": [0, 0, 1, 12], "texture": "#0"},
				"south": {"uv": [0, 0, 1, 12], "texture": "#0"},
				"west": {"uv": [0, 0, 1, 12], "texture": "#0"}
			}
		},
		{
			"from": [10, 1, 10],
			"to": [11, 13, 11],
			"faces": {
				"north": {"uv": [0, 0, 1, 12], "texture": "#0"},
				"east": {"uv": [0, 0, 1, 12], "texture": "#0"},
				"south": {"uv": [0, 0, 1, 12], "texture": "#0"},
				"west": {"uv": [0, 0, 1, 12], "texture": "#0"}
			}
		},
		{
			"from": [6, 1, 6],
			"to": [10, 6, 10],
			"faces": {
				"north": {"uv": [11, 10, 15, 15], "texture": "#1"},
				"east": {"uv": [11, 10, 15, 15], "texture": "#1"},
				"south": {"uv": [11, 10, 15, 15], "texture": "#1"},
				"west": {"uv": [11, 10, 15, 15], "texture": "#1"},
				"up": {"uv": [11, 11, 15, 15], "texture": "#1"}
			}
		},
		{
			"from": [6, 8, 6],
			"to": [10, 13, 10],
			"faces": {
				"north": {"uv": [1, 1, 5, 6], "texture": "#1"},
				"east": {"uv": [1, 1, 5, 6], "texture": "#1"},
				"south": {"uv": [1, 1, 5, 6], "texture": "#1"},
				"west": {"uv": [1, 1, 5, 6], "texture": "#1"},
				"down": {"uv": [1, 1, 5, 5], "texture": "#1"}
			}
		},
		{
			"from": [6.5, 6, 6.5],
			"to": [9.5, 8, 9.5],
			"faces": {
				"north": {"uv": [2, 2, 5, 4], "texture": "#1"},
				"east": {"uv": [2, 2, 5, 4], "texture": "#1"},
				"south": {"uv": [2, 2, 5, 4], "texture": "#1"},
				"west": {"uv": [2, 2, 5, 4], "texture": "#1"}
			}
		},
		{
			"from": [6.5, 1, 6.5],
			"to": [9.5, 4, 9.5],
			"faces": {
				"north": {"uv": [12, 11, 15, 14], "texture": "#2"},
				"east": {"uv": [12, 11, 15, 14], "texture": "#2"},
				"south": {"uv": [12, 11, 15, 14], "texture": "#2"},
				"west": {"uv": [12, 11, 15, 14], "texture": "#2"},
				"up": {"uv": [12, 12, 15, 15], "texture": "#2"}
			}
		},
		{
			"from": [6.5, 8.5, 6.5],
			"to": [9.5, 11, 9.5],
			"faces": {
				"north": {"uv": [12, 11, 15, 13.5], "texture": "#2"},
				"east": {"uv": [12, 11, 15, 13.5], "texture": "#2"},
				"south": {"uv": [12, 11, 15, 13.5], "texture": "#2"},
				"west": {"uv": [12, 11, 15, 13.5], "texture": "#2"},
				"up": {"uv": [3, 1, 6, 4], "texture": "#2"},
				"down": {"uv": [0, 0, 3, 3], "texture": "#2"}
			}
		},
		{
			"from": [7.65, 4, 7.65],
			"to": [8.35, 8.5, 8.35],
			"faces": {
				"north": {"uv": [0, 0, 0.7, 4.5], "texture": "#2"},
				"east": {"uv": [0, 0, 0.7, 4.5], "texture": "#2"},
				"south": {"uv": [0, 0, 0.7, 4.5], "texture": "#2"},
				"west": {"uv": [0, 0, 0.7, 4.5], "texture": "#2"}
			}
		}
	],
	"display": {
		"thirdperson_righthand": {
			"rotation": [75, 45, 0],
			"translation": [0, 2.5, 0],
			"scale": [0.375, 0.375, 0.375]
		},
		"thirdperson_lefthand": {
			"rotation": [75, 45, 0],
			"translation": [0, 2.5, 0],
			"scale": [0.375, 0.375, 0.375]
		},
		"firstperson_righthand": {
			"rotation": [0, 45, 0],
			"scale": [0.4, 0.4, 0.4]
		},
		"firstperson_lefthand": {
			"rotation": [0, 225, 0],
			"scale": [0.4, 0.4, 0.4]
		},
		"ground": {
			"translation": [0, 3, 0],
			"scale": [0.25, 0.25, 0.25]
		},
		"gui": {
			"rotation": [30, 225, 0],
			"scale": [0.625, 0.625, 0.625]
		},
		"fixed": {
			"scale": [0.5, 0.5, 0.5]
		}
	}
}