{
	"credit": "Made with Blockbench",
	"textures": {
		"0": "steel_seemless",
		"1": "block/light_blue_stained_glass",
		"2": "computer_terminal",
		"particle": "steel_seemless"
	},
	"elements": [
		{
			"from": [2, 1, 3],
			"to": [4, 15, 16],
			"faces": {
				"east": {"uv": [0, 1, 13, 15], "texture": "#1"},
				"south": {"uv": [12, 1, 14, 15], "texture": "#1"},
				"west": {"uv": [0, 1, 13, 15], "texture": "#1"},
				"up": {"uv": [12, 0, 14, 13], "texture": "#0"},
				"down": {"uv": [12, 0, 14, 13], "texture": "#0"}
			}
		},
		{
			"from": [7, 1, 3],
			"to": [9, 15, 16],
			"faces": {
				"east": {"uv": [0, 1, 13, 15], "texture": "#1"},
				"south": {"uv": [7, 1, 9, 15], "texture": "#1"},
				"west": {"uv": [0, 1, 13, 15], "texture": "#1"},
				"up": {"uv": [7, 0, 9, 13], "texture": "#0"},
				"down": {"uv": [7, 0, 9, 13], "texture": "#0"}
			}
		},
		{
			"from": [12, 1, 3],
			"to": [14, 15, 16],
			"faces": {
				"east": {"uv": [0, 1, 13, 15], "texture": "#1"},
				"south": {"uv": [2, 1, 4, 15], "texture": "#1"},
				"west": {"uv": [0, 1, 13, 15], "texture": "#1"},
				"up": {"uv": [2, 0, 4, 13], "texture": "#0"},
				"down": {"uv": [2, 0, 4, 13], "texture": "#0"}
			}
		},
		{
			"from": [0, 0, 0],
			"to": [16, 16, 3],
			"faces": {
				"north": {"uv": [0, 0, 16, 16], "texture": "#2"},
				"east": {"uv": [13, 0, 16, 16], "texture": "#0"},
				"south": {"uv": [0, 0, 16, 16], "texture": "#0"},
				"west": {"uv": [0, 0, 3, 16], "texture": "#0"},
				"up": {"uv": [0, 0, 16, 3], "texture": "#0"},
				"down": {"uv": [0, 13, 16, 16], "texture": "#0"}
			}
		}
	],
	"display": {
		"thirdperson_righthand": {
			"rotation": [75, 45, 0],
			"translation": [0, 2.5, 0],
			"scale": [0.375, 0.375, 0.375]
		},
		"thirdperson_lefthand": {
			"rotation": [75, 45, 0],
			"translation": [0, 2.5, 0],
			"scale": [0.375, 0.375, 0.375]
		},
		"firstperson_righthand": {
			"rotation": [0, 45, 0],
			"scale": [0.4, 0.4, 0.4]
		},
		"firstperson_lefthand": {
			"rotation": [0, 225, 0],
			"scale": [0.4, 0.4, 0.4]
		},
		"ground": {
			"translation": [0, 3, 0],
			"scale": [0.25, 0.25, 0.25]
		},
		"gui": {
			"rotation": [30, 225, 0],
			"scale": [0.625, 0.625, 0.625]
		},
		"fixed": {
			"scale": [0.5, 0.5, 0.5]
		}
	}
}