{
	"credit": "Made with Blockbench",
	"textures": {
		"0": "block/anvil",
		"1": "Downloads/Computer_Special",
		"particle": "block/anvil"
	},
	"elements": [
		{
			"name": "Keyboard",
			"from": [1, 0, 1],
			"to": [15, 1, 6],
			"faces": {
				"north": {"uv": [1, 15, 15, 16], "texture": "#0"},
				"east": {"uv": [10, 15, 15, 16], "texture": "#0"},
				"south": {"uv": [1, 15, 15, 16], "texture": "#0"},
				"west": {"uv": [1, 15, 6, 16], "texture": "#0"},
				"up": {"uv": [1, 1, 15, 6], "texture": "#1"},
				"down": {"uv": [1, 10, 15, 15], "texture": "#0"}
			}
		},
		{
			"from": [4, 0, 10],
			"to": [12, 1, 14],
			"faces": {
				"north": {"uv": [4, 15, 12, 16], "texture": "#0"},
				"east": {"uv": [6, 15, 10, 16], "texture": "#0"},
				"south": {"uv": [4, 15, 12, 16], "texture": "#0"},
				"west": {"uv": [6, 15, 10, 16], "texture": "#0"},
				"up": {"uv": [4, 2, 12, 5], "texture": "#0"},
				"down": {"uv": [4, 2, 12, 5], "texture": "#0"}
			}
		},
		{
			"from": [7, 1, 12],
			"to": [9, 4, 13],
			"faces": {
				"north": {"uv": [7, 12, 9, 15], "texture": "#0"},
				"east": {"uv": [3, 12, 4, 15], "texture": "#0"},
				"south": {"uv": [7, 12, 9, 15], "texture": "#0"},
				"west": {"uv": [12, 12, 13, 15], "texture": "#0"}
			}
		},
		{
			"from": [0, 3, 11],
			"to": [16, 12, 12],
			"faces": {
				"north": {"uv": [0, 7, 16, 16], "texture": "#1"},
				"east": {"uv": [0, 4, 1, 13], "texture": "#0"},
				"south": {"uv": [0, 4, 16, 13], "texture": "#0"},
				"west": {"uv": [15, 4, 16, 13], "texture": "#0"},
				"up": {"uv": [0, 4, 16, 5], "texture": "#0"},
				"down": {"uv": [0, 4, 16, 5], "texture": "#0"}
			}
		},
		{
			"from": [1, 4, 12],
			"to": [15, 11, 13],
			"faces": {
				"east": {"uv": [4, 5, 5, 12], "texture": "#0"},
				"south": {"uv": [1, 5, 15, 12], "texture": "#0"},
				"west": {"uv": [11, 5, 12, 12], "texture": "#0"},
				"up": {"uv": [1, 3, 15, 4], "texture": "#0"},
				"down": {"uv": [1, 3, 15, 4], "texture": "#0"}
			}
		}
	],
	"display": {
		"thirdperson_righthand": {
			"rotation": [69, 37, 0],
			"scale": [0.25, 0.25, 0.25]
		},
		"thirdperson_lefthand": {
			"rotation": [69, 37, 0],
			"scale": [0.25, 0.25, 0.25]
		},
		"firstperson_righthand": {
			"scale": [0.25, 0.25, 0.25]
		},
		"firstperson_lefthand": {
			"scale": [0.25, 0.25, 0.25]
		},
		"ground": {
			"scale": [0.42, 0.42, 0.42]
		},
		"gui": {
			"rotation": [31, 160, 0],
			"scale": [0.6, 0.6, 0.6]
		},
		"fixed": {
			"translation": [0, 0, -5.75]
		}
	},
	"groups": [
		0,
		{
			"name": "Monitor",
			"origin": [0, 0, 0],
			"color": 0,
			"children": [1, 2, 3, 4]
		}
	]
}