{
	"credit": "Made with Blockbench",
	"textures": {
		"2": "block/gray_concrete",
		"3": "block/cyan_terracotta",
		"4": "block/lectern_top"
	},
	"elements": [
		{
			"from": [0, 0, 4],
			"to": [16, 2, 16],
			"rotation": {"angle": 0, "axis": "y", "origin": [16, 0, 0]},
			"faces": {
				"north": {"uv": [0, 14, 16, 16], "texture": "#3"},
				"east": {"uv": [2, 14, 14, 16], "texture": "#3"},
				"south": {"uv": [0, 14, 16, 16], "texture": "#3"},
				"west": {"uv": [2, 14, 14, 16], "texture": "#3"},
				"up": {"uv": [2, 0, 14, 16], "rotation": 90, "texture": "#3"},
				"down": {"uv": [2, 0, 14, 16], "rotation": 270, "texture": "#3"}
			}
		},
		{
			"from": [2, 2, 8],
			"to": [6, 13, 12],
			"rotation": {"angle": 0, "axis": "y", "origin": [16, 0, 0]},
			"faces": {
				"north": {"uv": [6, 2, 10, 13], "texture": "#3"},
				"east": {"uv": [6, 2, 10, 13], "texture": "#3"},
				"south": {"uv": [6, 2, 10, 13], "texture": "#3"},
				"west": {"uv": [6, 2, 10, 13], "texture": "#3"}
			}
		},
		{
			"from": [10, 2, 8],
			"to": [14, 13, 12],
			"rotation": {"angle": 0, "axis": "y", "origin": [16, 0, 0]},
			"faces": {
				"north": {"uv": [6, 2, 10, 13], "texture": "#3"},
				"east": {"uv": [6, 2, 10, 13], "texture": "#3"},
				"south": {"uv": [6, 2, 10, 13], "texture": "#3"},
				"west": {"uv": [6, 2, 10, 13], "texture": "#3"}
			}
		},
		{
			"from": [0, 10.3, 0.3],
			"to": [16, 13.3, 14.3],
			"rotation": {"angle": -22.5, "axis": "x", "origin": [8, 12, 7]},
			"faces": {
				"north": {"uv": [0, 0, 16, 3], "texture": "#2"},
				"east": {"uv": [0, 0, 14, 3], "texture": "#2"},
				"west": {"uv": [0, 0, 14, 3], "texture": "#2"},
				"up": {"uv": [0, 1, 16, 15], "rotation": 180, "texture": "#4"},
				"down": {"uv": [0, 0, 14, 16], "rotation": 270, "texture": "#2"}
			}
		},
		{
			"from": [-0.05, 13, 13],
			"to": [16.05, 16, 16],
			"rotation": {"angle": 0, "axis": "y", "origin": [16, 0, 0]},
			"faces": {
				"north": {"uv": [0, 0, 16, 3], "texture": "#2"},
				"east": {"uv": [0, 0, 3, 3], "texture": "#2"},
				"south": {"uv": [0, 0, 16, 3], "texture": "#2"},
				"west": {"uv": [0, 0, 3, 3], "texture": "#2"},
				"up": {"uv": [0, 0, 3, 16], "rotation": 90, "texture": "#2"},
				"down": {"uv": [0, 0, 3, 16], "rotation": 270, "texture": "#2"}
			}
		}
	],
	"display": {
		"thirdperson_righthand": {
			"rotation": [69, 37, 0],
			"scale": [0.25, 0.25, 0.25]
		},
		"thirdperson_lefthand": {
			"rotation": [69, 37, 0],
			"scale": [0.25, 0.25, 0.25]
		},
		"firstperson_righthand": {
			"scale": [0.25, 0.25, 0.25]
		},
		"firstperson_lefthand": {
			"scale": [0.25, 0.25, 0.25]
		},
		"ground": {
			"scale": [0.42, 0.42, 0.42]
		},
		"gui": {
			"rotation": [31, 160, 0],
			"scale": [0.6, 0.6, 0.6]
		},
		"fixed": {
			"translation": [0, 0, -5.75]
		}
	}
}