{
	"credit": "Made with Blockbench",
	"texture_size": [64, 32],
	"textures": {
		"0": "entity/skeleton/skeleton",
		"particle": "entity/skeleton/skeleton"
	},
	"elements": [
		{
			"name": "Leg_l",
			"from": [5, 0, -7],
			"to": [7, 2, 5],
			"rotation": {"angle": 0, "axis": "x", "origin": [6, 1, -1]},
			"faces": {
				"north": {"uv": [1, 8, 1.5, 9], "rotation": 180, "texture": "#0"},
				"east": {"uv": [0.5, 9, 0, 15], "rotation": 270, "texture": "#0"},
				"south": {"uv": [0.5, 8, 1, 9], "texture": "#0"},
				"west": {"uv": [1, 9, 1.5, 15], "rotation": 90, "texture": "#0"},
				"up": {"uv": [1, 9, 0.5, 15], "rotation": 180, "texture": "#0"},
				"down": {"uv": [2, 9, 1.5, 15], "texture": "#0"}
			}
		},
		{
			"name": "Leg_r",
			"from": [9, 0, -7],
			"to": [11, 2, 5],
			"rotation": {"angle": 0, "axis": "x", "origin": [10, 1, -1]},
			"faces": {
				"north": {"uv": [1, 8, 1.5, 9], "rotation": 180, "texture": "#0"},
				"east": {"uv": [0.5, 9, 0, 15], "rotation": 270, "texture": "#0"},
				"south": {"uv": [0.5, 8, 1, 9], "texture": "#0"},
				"west": {"uv": [1, 9, 1.5, 15], "rotation": 90, "texture": "#0"},
				"up": {"uv": [0.5, 9, 1, 15], "rotation": 180, "texture": "#0"},
				"down": {"uv": [1.5, 9, 2, 15], "texture": "#0"}
			}
		},
		{
			"name": "Leg_r",
			"from": [13, 0, 4],
			"to": [15, 2, 16],
			"rotation": {"angle": -22.5, "axis": "y", "origin": [14, 1, 10]},
			"faces": {
				"north": {"uv": [11, 8, 11.5, 9], "rotation": 180, "texture": "#0"},
				"east": {"uv": [10.5, 9, 10, 15], "rotation": 270, "texture": "#0"},
				"south": {"uv": [10.5, 8, 11, 9], "texture": "#0"},
				"west": {"uv": [11, 9, 11.5, 15], "rotation": 90, "texture": "#0"},
				"up": {"uv": [11, 9, 10.5, 15], "rotation": 180, "texture": "#0"},
				"down": {"uv": [11.5, 9, 12, 15], "texture": "#0"}
			}
		},
		{
			"name": "Leg_r",
			"from": [1, 0, 4],
			"to": [3, 2, 16],
			"rotation": {"angle": 22.5, "axis": "y", "origin": [2, 1, 10]},
			"faces": {
				"north": {"uv": [11, 8, 11.5, 9], "rotation": 180, "texture": "#0"},
				"east": {"uv": [10.5, 9, 10, 15], "rotation": 270, "texture": "#0"},
				"south": {"uv": [10.5, 8, 11, 9], "texture": "#0"},
				"west": {"uv": [11, 9, 11.5, 15], "rotation": 90, "texture": "#0"},
				"up": {"uv": [10.5, 9, 11, 15], "rotation": 180, "texture": "#0"},
				"down": {"uv": [12, 9, 11.5, 15], "texture": "#0"}
			}
		},
		{
			"name": "Skull",
			"from": [4, 0, 16],
			"to": [12, 8, 24],
			"rotation": {"angle": -22.5, "axis": "x", "origin": [8, 4, 20]},
			"faces": {
				"north": {"uv": [4, 0, 6, 4], "rotation": 180, "texture": "#0"},
				"east": {"uv": [0, 4, 2, 8], "rotation": 270, "texture": "#0"},
				"south": {"uv": [2, 0, 4, 4], "texture": "#0"},
				"west": {"uv": [4, 4, 6, 8], "rotation": 90, "texture": "#0"},
				"up": {"uv": [2, 4, 4, 8], "rotation": 180, "texture": "#0"},
				"down": {"uv": [6, 4, 8, 8], "texture": "#0"}
			}
		},
		{
			"name": "Torso",
			"from": [4.05, 0, 4],
			"to": [11.95, 4, 16],
			"rotation": {"angle": 0, "axis": "x", "origin": [8, 1, 9]},
			"faces": {
				"north": {"uv": [7, 8, 9, 10], "rotation": 180, "texture": "#0"},
				"east": {"uv": [4, 10, 5, 16], "rotation": 270, "texture": "#0"},
				"west": {"uv": [7, 10, 8, 16], "rotation": 90, "texture": "#0"},
				"up": {"uv": [5, 10, 7, 16], "rotation": 180, "texture": "#0"},
				"down": {"uv": [8, 10, 10, 16], "texture": "#0"}
			}
		},
		{
			"name": "SpineFront",
			"from": [4.05, 2, 4],
			"to": [11.95, 2, 16],
			"rotation": {"angle": 0, "axis": "x", "origin": [8, 3, 9]},
			"faces": {
				"up": {"uv": [10, 10, 8, 16], "rotation": 180, "texture": "#0"}
			}
		}
	],
	"display": {
		"thirdperson_righthand": {
			"rotation": [75, 45, 0],
			"translation": [0, 2.5, 0],
			"scale": [0.375, 0.375, 0.375]
		},
		"thirdperson_lefthand": {
			"rotation": [75, 45, 0],
			"translation": [0, 2.5, 0],
			"scale": [0.375, 0.375, 0.375]
		},
		"firstperson_righthand": {
			"rotation": [0, 45, 0],
			"scale": [0.4, 0.4, 0.4]
		},
		"firstperson_lefthand": {
			"rotation": [0, 225, 0],
			"scale": [0.4, 0.4, 0.4]
		},
		"ground": {
			"translation": [0, 3, 0],
			"scale": [0.25, 0.25, 0.25]
		},
		"gui": {
			"rotation": [30, 225, 0],
			"scale": [0.625, 0.625, 0.625]
		},
		"fixed": {
			"scale": [0.5, 0.5, 0.5]
		}
	},
	"groups": [
		0,
		1,
		2,
		3,
		4,
		{
			"name": "Torso",
			"origin": [8, 18, 10],
			"color": 0,
			"children": [5, 6]
		}
	]
}