{
	"credit": "Made with Blockbench",
	"textures": {
		"0": "steel_plating",
		"particle": "steel_plating"
	},
	"elements": [
		{
			"from": [1, 0, 1],
			"to": [15, 2, 16],
			"faces": {
				"north": {"uv": [1, 14, 15, 16], "texture": "#0"},
				"east": {"uv": [0, 14, 15, 16], "texture": "#0"},
				"south": {"uv": [1, 14, 15, 16], "texture": "#0"},
				"west": {"uv": [1, 14, 16, 16], "texture": "#0"},
				"up": {"uv": [1, 1, 15, 16], "rotation": 180, "texture": "#0"},
				"down": {"uv": [1, 1, 15, 16], "rotation": 180, "texture": "#0"}
			}
		},
		{
			"from": [1, 14, 1],
			"to": [15, 16, 16],
			"faces": {
				"north": {"uv": [1, 0, 15, 2], "texture": "#0"},
				"east": {"uv": [0, 0, 15, 2], "texture": "#0"},
				"south": {"uv": [1, 0, 15, 2], "texture": "#0"},
				"west": {"uv": [1, 0, 16, 2], "texture": "#0"},
				"up": {"uv": [1, 1, 15, 16], "rotation": 180, "texture": "#0"},
				"down": {"uv": [1, 1, 15, 16], "rotation": 180, "texture": "#0"}
			}
		},
		{
			"from": [15, 0, 1],
			"to": [16, 2, 15],
			"faces": {
				"north": {"uv": [0, 14, 1, 16], "texture": "#0"},
				"east": {"uv": [1, 14, 15, 16], "texture": "#0"},
				"south": {"uv": [15, 14, 16, 16], "texture": "#0"},
				"up": {"uv": [15, 1, 16, 15], "rotation": 180, "texture": "#0"},
				"down": {"uv": [15, 1, 16, 15], "rotation": 180, "texture": "#0"}
			}
		},
		{
			"from": [15, 14, 1],
			"to": [16, 16, 15],
			"faces": {
				"north": {"uv": [0, 0, 1, 2], "texture": "#0"},
				"east": {"uv": [1, 0, 15, 2], "texture": "#0"},
				"south": {"uv": [15, 0, 16, 2], "texture": "#0"},
				"up": {"uv": [15, 1, 16, 15], "rotation": 180, "texture": "#0"},
				"down": {"uv": [15, 1, 16, 15], "rotation": 180, "texture": "#0"}
			}
		},
		{
			"from": [6, 2, 6],
			"to": [10, 14, 16],
			"faces": {
				"north": {"uv": [6, 2, 10, 14], "texture": "#0"},
				"east": {"uv": [0, 2, 10, 14], "texture": "#0"},
				"south": {"uv": [6, 2, 10, 14], "texture": "#0"},
				"west": {"uv": [6, 2, 16, 14], "texture": "#0"}
			}
		},
		{
			"from": [10, 2, 6],
			"to": [16, 14, 10],
			"faces": {
				"north": {"uv": [0, 2, 6, 14], "texture": "#0"},
				"east": {"uv": [6, 2, 10, 14], "texture": "#0"},
				"south": {"uv": [10, 2, 16, 14], "texture": "#0"}
			}
		}
	],
	"display": {
		"thirdperson_righthand": {
			"rotation": [69, 37, 0],
			"scale": [0.25, 0.25, 0.25]
		},
		"thirdperson_lefthand": {
			"rotation": [69, 37, 0],
			"scale": [0.25, 0.25, 0.25]
		},
		"firstperson_righthand": {
			"scale": [0.25, 0.25, 0.25]
		},
		"firstperson_lefthand": {
			"scale": [0.25, 0.25, 0.25]
		},
		"ground": {
			"scale": [0.42, 0.42, 0.42]
		},
		"gui": {
			"rotation": [31, 40, 0],
			"scale": [0.6, 0.6, 0.6]
		}
	}
}