{
	"credit": "Made with Blockbench",
	"textures": {
		"0": "block/anvil",
		"particle": "block/anvil"
	},
	"elements": [
		{
			"from": [1, 0, 0],
			"to": [15, 2, 16],
			"faces": {
				"north": {"uv": [1, 14, 15, 16], "texture": "#0"},
				"east": {"uv": [0, 14, 16, 16], "texture": "#0"},
				"south": {"uv": [1, 14, 15, 16], "texture": "#0"},
				"west": {"uv": [0, 14, 16, 16], "texture": "#0"},
				"up": {"uv": [1, 0, 15, 16], "texture": "#0"},
				"down": {"uv": [1, 0, 15, 16], "texture": "#0"}
			}
		},
		{
			"from": [1, 14, 0],
			"to": [15, 16, 16],
			"faces": {
				"north": {"uv": [1, 0, 15, 2], "texture": "#0"},
				"east": {"uv": [0, 0, 16, 2], "texture": "#0"},
				"south": {"uv": [1, 0, 15, 2], "texture": "#0"},
				"west": {"uv": [0, 0, 16, 2], "texture": "#0"},
				"up": {"uv": [1, 0, 15, 16], "texture": "#0"},
				"down": {"uv": [1, 0, 15, 16], "texture": "#0"}
			}
		},
		{
			"from": [6, 2, 0],
			"to": [10, 14, 16],
			"faces": {
				"north": {"uv": [6, 2, 10, 14], "texture": "#0"},
				"east": {"uv": [0, 2, 16, 14], "texture": "#0"},
				"south": {"uv": [6, 2, 10, 14], "texture": "#0"},
				"west": {"uv": [0, 2, 16, 14], "texture": "#0"}
			}
		}
	],
	"display": {
		"thirdperson_righthand": {
			"rotation": [69, 37, 0],
			"scale": [0.25, 0.25, 0.25]
		},
		"thirdperson_lefthand": {
			"rotation": [69, 37, 0],
			"scale": [0.25, 0.25, 0.25]
		},
		"firstperson_righthand": {
			"scale": [0.25, 0.25, 0.25]
		},
		"firstperson_lefthand": {
			"scale": [0.25, 0.25, 0.25]
		},
		"ground": {
			"scale": [0.42, 0.42, 0.42]
		},
		"gui": {
			"rotation": [31, 40, 0],
			"scale": [0.6, 0.6, 0.6]
		}
	}
}