{
	"credit": "Made with Blockbench",
	"textures": {
		"0": "block/polished_andesite",
		"particle": "block/polished_andesite"
	},
	"elements": [
		{
			"from": [4, 0, 9],
			"to": [12, 2, 16],
			"rotation": {"angle": 0, "axis": "y", "origin": [0, 0, 4]},
			"faces": {
				"north": {"uv": [0, 0, 8, 2], "texture": "#0"},
				"east": {"uv": [0, 0, 7, 2], "texture": "#0"},
				"south": {"uv": [0, 0, 8, 2], "texture": "#0"},
				"west": {"uv": [0, 0, 7, 2], "texture": "#0"},
				"up": {"uv": [0, 0, 8, 7], "texture": "#0"},
				"down": {"uv": [0, 0, 8, 7], "texture": "#0"}
			}
		},
		{
			"from": [6.5, 2, 11],
			"to": [9.5, 16, 14],
			"rotation": {"angle": 0, "axis": "y", "origin": [8, 2, 13]},
			"faces": {
				"north": {"uv": [0, 0, 3, 14], "texture": "#0"},
				"east": {"uv": [0, 0, 3, 14], "texture": "#0"},
				"south": {"uv": [0, 0, 3, 14], "texture": "#0"},
				"west": {"uv": [0, 0, 3, 14], "texture": "#0"},
				"up": {"uv": [1, 2, 4, 5], "texture": "#0"}
			}
		},
		{
			"from": [2.5, 9.5, 11.1],
			"to": [13.5, 12.5, 13.9],
			"rotation": {"angle": 0, "axis": "y", "origin": [8, 0.5, 13]},
			"faces": {
				"north": {"uv": [0, 0, 15, 3], "texture": "#0"},
				"east": {"uv": [1, 2, 3.8, 5], "texture": "#0"},
				"south": {"uv": [0, 0, 15, 3], "texture": "#0"},
				"west": {"uv": [1, 2, 3.8, 5], "texture": "#0"},
				"up": {"uv": [0, 0, 15, 2.8], "texture": "#0"},
				"down": {"uv": [0, 0, 15, 2.8], "texture": "#0"}
			}
		}
	],
	"display": {
		"thirdperson_righthand": {
			"rotation": [75, 45, 0],
			"translation": [0, 2.5, 0],
			"scale": [0.375, 0.375, 0.375]
		},
		"thirdperson_lefthand": {
			"rotation": [75, 45, 0],
			"translation": [0, 2.5, 0],
			"scale": [0.375, 0.375, 0.375]
		},
		"firstperson_righthand": {
			"rotation": [0, 45, 0],
			"scale": [0.4, 0.4, 0.4]
		},
		"firstperson_lefthand": {
			"rotation": [0, 225, 0],
			"scale": [0.4, 0.4, 0.4]
		},
		"ground": {
			"translation": [0, 3, 0],
			"scale": [0.25, 0.25, 0.25]
		},
		"gui": {
			"rotation": [30, 225, 0],
			"scale": [0.625, 0.625, 0.625]
		},
		"fixed": {
			"scale": [0.5, 0.5, 0.5]
		}
	}
}