{
	"credit": "Made with Blockbench",
	"textures": {
		"0": "block/polished_andesite",
		"particle": "block/polished_andesite"
	},
	"elements": [
		{
			"from": [1, 0, 9],
			"to": [15, 2, 16],
			"rotation": {"angle": 0, "axis": "y", "origin": [0, 0, 4]},
			"faces": {
				"north": {"uv": [0, 0, 8, 2], "texture": "#0"},
				"east": {"uv": [0, 0, 7, 2], "texture": "#0"},
				"south": {"uv": [0, 0, 8, 2], "texture": "#0"},
				"west": {"uv": [0, 0, 7, 2], "texture": "#0"},
				"up": {"uv": [0, 0, 8, 7], "texture": "#0"},
				"down": {"uv": [0, 0, 8, 7], "texture": "#0"}
			}
		},
		{
			"from": [2, 2, 12],
			"to": [14, 14, 14],
			"rotation": {"angle": 0, "axis": "y", "origin": [2, 2, 13]},
			"faces": {
				"north": {"uv": [0, 2, 12, 14], "texture": "#0"},
				"east": {"uv": [14, 2, 16, 14], "texture": "#0"},
				"south": {"uv": [0, 2, 12, 14], "texture": "#0"},
				"west": {"uv": [0, 2, 2, 14], "texture": "#0"},
				"up": {"uv": [2, 0, 14, 2], "texture": "#0"}
			}
		},
		{
			"from": [3, 14, 12],
			"to": [13, 16, 14],
			"rotation": {"angle": 0, "axis": "y", "origin": [2, 2, 13]},
			"faces": {
				"north": {"uv": [0, 0, 10, 2], "texture": "#0"},
				"east": {"uv": [14, 0, 16, 2], "texture": "#0"},
				"south": {"uv": [0, 0, 10, 2], "texture": "#0"},
				"west": {"uv": [0, 0, 2, 2], "texture": "#0"},
				"up": {"uv": [3, 0, 13, 2], "texture": "#0"}
			}
		}
	],
	"display": {
		"thirdperson_righthand": {
			"rotation": [75, 45, 0],
			"translation": [0, 2.5, 0],
			"scale": [0.375, 0.375, 0.375]
		},
		"thirdperson_lefthand": {
			"rotation": [75, 45, 0],
			"translation": [0, 2.5, 0],
			"scale": [0.375, 0.375, 0.375]
		},
		"firstperson_righthand": {
			"rotation": [0, 45, 0],
			"scale": [0.4, 0.4, 0.4]
		},
		"firstperson_lefthand": {
			"rotation": [0, 225, 0],
			"scale": [0.4, 0.4, 0.4]
		},
		"ground": {
			"translation": [0, 3, 0],
			"scale": [0.25, 0.25, 0.25]
		},
		"gui": {
			"rotation": [30, 225, 0],
			"scale": [0.625, 0.625, 0.625]
		},
		"fixed": {
			"scale": [0.5, 0.5, 0.5]
		}
	}
}