{
	"credit": "Made with Blockbench",
	"textures": {
		"0": "steel_plating",
		"1": "steel_seemless",
		"particle": "steel_plating"
	},
	"elements": [
		{
			"from": [1, 1, 1],
			"to": [15, 2, 15],
			"faces": {
				"north": {"uv": [1, 14, 15, 15], "texture": "#0"},
				"east": {"uv": [1, 14, 15, 15], "texture": "#0"},
				"up": {"uv": [1, 1, 15, 15], "texture": "#1"},
				"down": {"uv": [1, 1, 15, 15], "texture": "#0"}
			}
		},
		{
			"from": [1, 14, 1],
			"to": [15, 15, 15],
			"faces": {
				"north": {"uv": [1, 1, 15, 2], "texture": "#0"},
				"east": {"uv": [1, 1, 15, 2], "texture": "#0"},
				"up": {"uv": [1, 1, 15, 15], "texture": "#0"},
				"down": {"uv": [1, 1, 15, 15], "texture": "#1"}
			}
		},
		{
			"from": [1, 2, 1],
			"to": [15, 14, 2],
			"faces": {
				"north": {"uv": [1, 2, 15, 14], "texture": "#0"},
				"east": {"uv": [0, 0, 1, 12], "texture": "#0"},
				"south": {"uv": [1, 2, 15, 14], "texture": "#1"}
			}
		},
		{
			"from": [14, 2, 2],
			"to": [15, 14, 15],
			"faces": {
				"east": {"uv": [1, 2, 14, 14], "texture": "#0"},
				"west": {"uv": [1, 2, 14, 14], "texture": "#1"}
			}
		},
		{
			"from": [14, 2, 15],
			"to": [16, 14, 16],
			"faces": {
				"north": {"uv": [0, 2, 2, 14], "texture": "#0"},
				"east": {"uv": [0, 2, 1, 14], "texture": "#0"},
				"south": {"uv": [14, 2, 16, 14], "texture": "#0"},
				"west": {"uv": [15, 2, 16, 14], "texture": "#1"}
			}
		},
		{
			"from": [0, 14, 15],
			"to": [16, 16, 16],
			"faces": {
				"north": {"uv": [0, 0, 16, 2], "texture": "#0"},
				"east": {"uv": [0, 0, 1, 2], "texture": "#0"},
				"south": {"uv": [0, 0, 16, 2], "texture": "#0"},
				"west": {"uv": [15, 0, 16, 2], "texture": "#0"},
				"up": {"uv": [0, 15, 16, 16], "texture": "#0"},
				"down": {"uv": [0, 0, 16, 1], "texture": "#1"}
			}
		},
		{
			"from": [0, 2, 15],
			"to": [2, 14, 16],
			"faces": {
				"north": {"uv": [14, 2, 16, 14], "texture": "#0"},
				"east": {"uv": [0, 2, 1, 14], "texture": "#1"},
				"south": {"uv": [0, 2, 2, 14], "texture": "#0"},
				"west": {"uv": [15, 2, 16, 14], "texture": "#0"}
			}
		},
		{
			"from": [0, 0, 15],
			"to": [16, 2, 16],
			"faces": {
				"north": {"uv": [0, 14, 16, 16], "texture": "#0"},
				"east": {"uv": [0, 14, 1, 16], "texture": "#0"},
				"south": {"uv": [0, 14, 16, 16], "texture": "#0"},
				"west": {"uv": [15, 0, 16, 2], "texture": "#0"},
				"up": {"uv": [0, 0, 16, 1], "texture": "#1"},
				"down": {"uv": [0, 0, 16, 1], "texture": "#0"}
			}
		},
		{
			"from": [0, 14, 0],
			"to": [1, 16, 15],
			"faces": {
				"north": {"uv": [0, 0, 1, 2], "texture": "#0"},
				"east": {"uv": [0, 0, 16, 2], "texture": "#0"},
				"south": {"uv": [15, 0, 16, 2], "texture": "#0"},
				"west": {"uv": [0, 0, 15, 2], "texture": "#0"},
				"up": {"uv": [0, 0, 16, 1], "rotation": 90, "texture": "#0"},
				"down": {"uv": [0, 15, 16, 16], "rotation": 270, "texture": "#1"}
			}
		},
		{
			"from": [0, 2, 14],
			"to": [1, 14, 15],
			"faces": {
				"north": {"uv": [0, 2, 1, 14], "texture": "#1"},
				"east": {"uv": [0, 0, 2, 12], "texture": "#0"},
				"south": {"uv": [15, 2, 16, 14], "texture": "#0"},
				"west": {"uv": [0, 2, 1, 14], "texture": "#0"},
				"up": {"uv": [0, 0, 2, 1], "rotation": 90, "texture": "#missing"},
				"down": {"uv": [0, 0, 2, 1], "rotation": 270, "texture": "#missing"}
			}
		},
		{
			"from": [0, 2, 0],
			"to": [1, 14, 2],
			"faces": {
				"north": {"uv": [0, 2, 1, 14], "texture": "#0"},
				"east": {"uv": [0, 0, 2, 12], "texture": "#0"},
				"south": {"uv": [15, 2, 16, 14], "texture": "#1"},
				"west": {"uv": [0, 2, 2, 14], "texture": "#0"}
			}
		},
		{
			"from": [0, 0, 0],
			"to": [1, 2, 15],
			"faces": {
				"north": {"uv": [0, 0, 1, 2], "texture": "#0"},
				"east": {"uv": [0, 0, 16, 2], "texture": "#0"},
				"south": {"uv": [15, 14, 16, 16], "texture": "#0"},
				"west": {"uv": [0, 14, 15, 16], "texture": "#0"},
				"up": {"uv": [0, 15, 16, 16], "rotation": 90, "texture": "#1"},
				"down": {"uv": [0, 15, 16, 16], "rotation": 270, "texture": "#0"}
			}
		}
	],
	"display": {
		"thirdperson_righthand": {
			"rotation": [69, 37, 0],
			"scale": [0.25, 0.25, 0.25]
		},
		"thirdperson_lefthand": {
			"rotation": [69, 37, 0],
			"scale": [0.25, 0.25, 0.25]
		},
		"firstperson_righthand": {
			"scale": [0.25, 0.25, 0.25]
		},
		"firstperson_lefthand": {
			"scale": [0.25, 0.25, 0.25]
		},
		"ground": {
			"scale": [0.42, 0.42, 0.42]
		},
		"gui": {
			"rotation": [31, 40, 0],
			"scale": [0.6, 0.6, 0.6]
		}
	},
	"groups": [
		{
			"name": "Middle",
			"origin": [0, 0, 0],
			"color": 0,
			"children": [0, 1, 2, 3]
		},
		{
			"name": "Ring1",
			"origin": [0, 0, 0],
			"color": 0,
			"children": [4, 5, 6, 7]
		},
		{
			"name": "Ring2",
			"origin": [0, 0, 0],
			"color": 0,
			"children": [8, 9, 10, 11]
		}
	]
}