{
  "_fv": 24,
  "_type": "gui",
  "definition": {
    "type": 1,
    "width": 176,
    "height": 166,
    "inventoryOffsetX": 0,
    "inventoryOffsetY": 0,
    "renderBgLayer": true,
    "doesPauseGame": false,
    "components": [
      {
        "type": "inputslot",
        "data": {
          "inputLimit": {
            "value": ""
          },
          "id": 0,
          "disableStackInteraction": false,
          "dropItemsWhenNotBound": true,
          "name": "Slot #0",
          "x": 231,
          "y": 62
        }
      },
      {
        "type": "label",
        "data": {
          "text": "Insert Particle Card",
          "color": {
            "value": -12829636,
            "falpha": 0.0
          },
          "name": "Insert Particle Card",
          "x": 186,
          "y": 44
        }
      },
      {
        "type": "label",
        "data": {
          "text": "Y-Offset",
          "color": {
            "value": -12829636,
            "falpha": 0.0
          },
          "name": "Y-Offset",
          "x": 132,
          "y": 44
        }
      },
      {
        "type": "textfield",
        "data": {
          "placeholder": "e.g.: 1.5",
          "width": 45,
          "height": 20,
          "name": "YOffset",
          "x": 132,
          "y": 53
        }
      },
      {
        "type": "button",
        "data": {
          "text": "Set",
          "onClick": {
            "name": "OffsetFunction"
          },
          "width": 40,
          "height": 20,
          "name": "Set",
          "x": 222,
          "y": 89
        }
      },
      {
        "type": "label",
        "data": {
          "text": "Size",
          "color": {
            "value": -12829636,
            "falpha": 0.0
          },
          "name": "Size",
          "x": 132,
          "y": 80
        }
      },
      {
        "type": "textfield",
        "data": {
          "placeholder": "e.g.: 1",
          "width": 45,
          "height": 20,
          "name": "Size",
          "x": 132,
          "y": 89
        }
      }
    ],
    "gridSettings": {
      "sx": 18,
      "sy": 18,
      "ox": 11,
      "oy": 15,
      "snapOnGrid": true
    }
  }
}