{
  "_fv": 24,
  "_type": "recipe",
  "definition": {
    "recipeType": "Crafting",
    "xpReward": 0.0,
    "cookingTime": 200,
    "recipeRetstackSize": 16,
    "group": "",
    "recipeShapeless": false,
    "recipeSlots": [
      {
        "value": "TAG:forge:ingots/copper"
      },
      {
        "value": "TAG:forge:ingots/copper"
      },
      {
        "value": "TAG:forge:ingots/copper"
      },
      {
        "value": "TAG:forge:ingots/copper"
      },
      {
        "value": "Blocks.WOOL#7"
      },
      {
        "value": "TAG:forge:ingots/copper"
      },
      {
        "value": "TAG:forge:ingots/copper"
      },
      {
        "value": "TAG:forge:ingots/copper"
      },
      {
        "value": "TAG:forge:ingots/copper"
      }
    ],
    "recipeReturnStack": {
      "value": "CUSTOM:CopperCoil"
    },
    "name": "rec_copper_coil",
    "namespace": "mod"
  }
}