{
  "_fv": 24,
  "_type": "recipe",
  "definition": {
    "recipeType": "Crafting",
    "xpReward": 0.0,
    "cookingTime": 200,
    "recipeRetstackSize": 4,
    "group": "",
    "recipeShapeless": false,
    "recipeSlots": [
      {
        "value": "CUSTOM:LaboratoryBlock"
      },
      {
        "value": "CUSTOM:LaboratoryBlock"
      },
      {
        "value": ""
      },
      {
        "value": "CUSTOM:LaboratoryBlock"
      },
      {
        "value": "CUSTOM:LaboratoryBlock"
      },
      {
        "value": ""
      },
      {
        "value": ""
      },
      {
        "value": ""
      },
      {
        "value": ""
      }
    ],
    "recipeReturnStack": {
      "value": "CUSTOM:CutLaboratoryBlock"
    },
    "name": "rec_cut_laboratory_block",
    "namespace": "mod"
  }
}