{
  "_fv": 24,
  "_type": "recipe",
  "definition": {
    "recipeType": "Crafting",
    "xpReward": 0.0,
    "cookingTime": 200,
    "recipeRetstackSize": 1,
    "group": "",
    "recipeShapeless": true,
    "recipeSlots": [
      {
        "value": ""
      },
      {
        "value": ""
      },
      {
        "value": ""
      },
      {
        "value": "CUSTOM:Gerberadaisy"
      },
      {
        "value": "CUSTOM:Bougainvillea"
      },
      {
        "value": "CUSTOM:Lilyofthevalleyyellow"
      },
      {
        "value": ""
      },
      {
        "value": "CUSTOM:EmtpyBasket"
      },
      {
        "value": ""
      }
    ],
    "recipeReturnStack": {
      "value": "CUSTOM:Db1Basket"
    },
    "name": "rec_db_1_basket",
    "namespace": "mod"
  }
}