{
  "_fv": 24,
  "_type": "recipe",
  "definition": {
    "recipeType": "Crafting",
    "xpReward": 0.0,
    "cookingTime": 200,
    "recipeRetstackSize": 4,
    "group": "",
    "recipeShapeless": false,
    "recipeSlots": [
      {
        "value": ""
      },
      {
        "value": ""
      },
      {
        "value": ""
      },
      {
        "value": "CUSTOM:Flesh1Block"
      },
      {
        "value": "Items.SPIDER_EYE"
      },
      {
        "value": ""
      },
      {
        "value": "CUSTOM:Flesh1Block"
      },
      {
        "value": "CUSTOM:Flesh1Block"
      },
      {
        "value": ""
      }
    ],
    "recipeReturnStack": {
      "value": "CUSTOM:Eye2Block"
    },
    "name": "rec_eye_2",
    "namespace": "mod"
  }
}