{
  "_fv": 24,
  "_type": "recipe",
  "definition": {
    "recipeType": "Crafting",
    "xpReward": 0.0,
    "cookingTime": 200,
    "recipeRetstackSize": 2,
    "group": "",
    "recipeShapeless": false,
    "recipeSlots": [
      {
        "value": ""
      },
      {
        "value": ""
      },
      {
        "value": ""
      },
      {
        "value": "Blocks.WOODEN_SLAB#1"
      },
      {
        "value": "Blocks.DIRT"
      },
      {
        "value": "Blocks.WOODEN_SLAB#1"
      },
      {
        "value": ""
      },
      {
        "value": "Blocks.PLANKS#1"
      },
      {
        "value": ""
      }
    ],
    "recipeReturnStack": {
      "value": "CUSTOM:EmtpyBasket"
    },
    "name": "rec_empty_basket",
    "namespace": "mod"
  }
}