{
  "_fv": 24,
  "_type": "recipe",
  "definition": {
    "recipeType": "Crafting",
    "xpReward": 0.0,
    "cookingTime": 200,
    "recipeRetstackSize": 4,
    "group": "",
    "recipeShapeless": false,
    "recipeSlots": [
      {
        "value": "Blocks.POLISHED_ANDESITE_SLAB"
      },
      {
        "value": ""
      },
      {
        "value": "Blocks.POLISHED_ANDESITE_SLAB"
      },
      {
        "value": "Blocks.POLISHED_ANDESITE_STAIRS"
      },
      {
        "value": "Blocks.STONE#6"
      },
      {
        "value": "Blocks.POLISHED_ANDESITE_STAIRS"
      },
      {
        "value": ""
      },
      {
        "value": "Blocks.STONE#6"
      },
      {
        "value": ""
      }
    ],
    "recipeReturnStack": {
      "value": "CUSTOM:GargoyleDragon"
    },
    "name": "rec_gargoyle_dragon",
    "namespace": "mod"
  }
}