{
  "_fv": 24,
  "_type": "recipe",
  "definition": {
    "recipeType": "Crafting",
    "xpReward": 0.0,
    "cookingTime": 200,
    "recipeRetstackSize": 8,
    "group": "",
    "recipeShapeless": false,
    "recipeSlots": [
      {
        "value": ""
      },
      {
        "value": "Blocks.STRIPPED_SPRUCE_LOG"
      },
      {
        "value": ""
      },
      {
        "value": "Blocks.STAINED_HARDENED_CLAY#0"
      },
      {
        "value": "Blocks.STAINED_HARDENED_CLAY#0"
      },
      {
        "value": "Blocks.STAINED_HARDENED_CLAY#0"
      },
      {
        "value": ""
      },
      {
        "value": "Blocks.STRIPPED_SPRUCE_LOG"
      },
      {
        "value": ""
      }
    ],
    "recipeReturnStack": {
      "value": "CUSTOM:HalfLumberBorder"
    },
    "name": "rec_half_lumber_border",
    "namespace": "mod"
  }
}