{
  "_fv": 24,
  "_type": "recipe",
  "definition": {
    "recipeType": "Crafting",
    "xpReward": 0.0,
    "cookingTime": 200,
    "recipeRetstackSize": 8,
    "group": "",
    "recipeShapeless": false,
    "recipeSlots": [
      {
        "value": ""
      },
      {
        "value": "Blocks.GLASS"
      },
      {
        "value": ""
      },
      {
        "value": "Blocks.GLASS"
      },
      {
        "value": "Blocks.STONE#0"
      },
      {
        "value": "Blocks.GLASS"
      },
      {
        "value": ""
      },
      {
        "value": "Blocks.GLASS"
      },
      {
        "value": ""
      }
    ],
    "recipeReturnStack": {
      "value": "CUSTOM:HardAir"
    },
    "name": "rec_hard_air",
    "namespace": "mod"
  }
}