{
  "_fv": 24,
  "_type": "recipe",
  "definition": {
    "recipeType": "Crafting",
    "xpReward": 0.0,
    "cookingTime": 200,
    "recipeRetstackSize": 4,
    "group": "",
    "recipeShapeless": false,
    "recipeSlots": [
      {
        "value": ""
      },
      {
        "value": ""
      },
      {
        "value": ""
      },
      {
        "value": "Blocks.HARDENED_CLAY"
      },
      {
        "value": "Blocks.DIRT"
      },
      {
        "value": "Blocks.HARDENED_CLAY"
      },
      {
        "value": ""
      },
      {
        "value": "Blocks.HARDENED_CLAY"
      },
      {
        "value": ""
      }
    ],
    "recipeReturnStack": {
      "value": "CUSTOM:LargeFlowerPot"
    },
    "name": "rec_large_flower_pot",
    "namespace": "mod"
  }
}