{
  "_fv": 24,
  "_type": "recipe",
  "definition": {
    "recipeType": "Crafting",
    "xpReward": 0.0,
    "cookingTime": 200,
    "recipeRetstackSize": 2,
    "group": "",
    "recipeShapeless": false,
    "recipeSlots": [
      {
        "value": "Blocks.WOOL#1"
      },
      {
        "value": "Items.STRING"
      },
      {
        "value": ""
      },
      {
        "value": "Items.STRING"
      },
      {
        "value": "Blocks.WOOL#1"
      },
      {
        "value": ""
      },
      {
        "value": ""
      },
      {
        "value": ""
      },
      {
        "value": ""
      }
    ],
    "recipeReturnStack": {
      "value": "CUSTOM:OrangeQuiltedWool"
    },
    "name": "rec_orange_quilted_wool",
    "namespace": "mod"
  }
}