{
  "_fv": 24,
  "_type": "recipe",
  "definition": {
    "recipeType": "Crafting",
    "xpReward": 0.0,
    "cookingTime": 200,
    "recipeRetstackSize": 1,
    "group": "",
    "recipeShapeless": true,
    "recipeSlots": [
      {
        "value": ""
      },
      {
        "value": ""
      },
      {
        "value": ""
      },
      {
        "value": "Blocks.YELLOW_FLOWER"
      },
      {
        "value": "Items.WHEAT_SEEDS"
      },
      {
        "value": "Blocks.RED_FLOWER#0"
      },
      {
        "value": ""
      },
      {
        "value": "CUSTOM:EmtpyBasket"
      },
      {
        "value": ""
      }
    ],
    "recipeReturnStack": {
      "value": "CUSTOM:PlainsBasket"
    },
    "name": "rec_plains_basket",
    "namespace": "mod"
  }
}