{
  "_fv": 24,
  "_type": "recipe",
  "definition": {
    "recipeType": "Crafting",
    "xpReward": 0.0,
    "cookingTime": 200,
    "recipeRetstackSize": 2,
    "group": "",
    "recipeShapeless": false,
    "recipeSlots": [
      {
        "value": ""
      },
      {
        "value": "Items.DYE#11"
      },
      {
        "value": ""
      },
      {
        "value": ""
      },
      {
        "value": "Blocks.CONCRETE#7"
      },
      {
        "value": ""
      },
      {
        "value": "Items.DYE#11"
      },
      {
        "value": ""
      },
      {
        "value": "Items.DYE#11"
      }
    ],
    "recipeReturnStack": {
      "value": "CUSTOM:RadiationBlock"
    },
    "name": "rec_radiation_block",
    "namespace": "mod"
  }
}