{
  "_fv": 24,
  "_type": "recipe",
  "definition": {
    "recipeType": "Crafting",
    "xpReward": 0.0,
    "cookingTime": 200,
    "recipeRetstackSize": 4,
    "group": "",
    "recipeShapeless": false,
    "recipeSlots": [
      {
        "value": "TAG:forge:ingots/steel"
      },
      {
        "value": "TAG:forge:ingots/steel"
      },
      {
        "value": "TAG:forge:ingots/steel"
      },
      {
        "value": "TAG:forge:ingots/steel"
      },
      {
        "value": "CUSTOM:BasicCircuit"
      },
      {
        "value": "TAG:forge:ingots/steel"
      },
      {
        "value": "TAG:forge:ingots/steel"
      },
      {
        "value": "TAG:forge:ingots/steel"
      },
      {
        "value": "TAG:forge:ingots/steel"
      }
    ],
    "recipeReturnStack": {
      "value": "CUSTOM:ServerRack"
    },
    "name": "rec_server_rack",
    "namespace": "mod"
  }
}