{
  "_fv": 24,
  "_type": "recipe",
  "definition": {
    "recipeType": "Crafting",
    "xpReward": 0.0,
    "cookingTime": 200,
    "recipeRetstackSize": 4,
    "group": "",
    "recipeShapeless": false,
    "recipeSlots": [
      {
        "value": ""
      },
      {
        "value": ""
      },
      {
        "value": ""
      },
      {
        "value": "CUSTOM:SteelPlating"
      },
      {
        "value": "CUSTOM:SteelPlating"
      },
      {
        "value": ""
      },
      {
        "value": "CUSTOM:SteelPlating"
      },
      {
        "value": "CUSTOM:SteelPlating"
      },
      {
        "value": ""
      }
    ],
    "recipeReturnStack": {
      "value": "CUSTOM:SteelTiles"
    },
    "name": "rec_steel_tiles",
    "namespace": "mod"
  }
}