{
  "_fv": 24,
  "_type": "recipe",
  "definition": {
    "recipeType": "Crafting",
    "xpReward": 0.0,
    "cookingTime": 200,
    "recipeRetstackSize": 1,
    "group": "",
    "recipeShapeless": false,
    "recipeSlots": [
      {
        "value": ""
      },
      {
        "value": "CUSTOM:SoundCardComputerBleep"
      },
      {
        "value": ""
      },
      {
        "value": ""
      },
      {
        "value": "Blocks.NOTEBLOCK"
      },
      {
        "value": ""
      },
      {
        "value": ""
      },
      {
        "value": "Items.REDSTONE"
      },
      {
        "value": ""
      }
    ],
    "recipeReturnStack": {
      "value": "CUSTOM:SoundGenerator"
    },
    "name": "rec_sound_generator",
    "namespace": "mod"
  }
}