{
  "_fv": 24,
  "_type": "recipe",
  "definition": {
    "recipeType": "Crafting",
    "xpReward": 0.0,
    "cookingTime": 200,
    "recipeRetstackSize": 1,
    "group": "",
    "recipeShapeless": true,
    "recipeSlots": [
      {
        "value": ""
      },
      {
        "value": ""
      },
      {
        "value": ""
      },
      {
        "value": "Blocks.RED_FLOWER#6"
      },
      {
        "value": "Items.WHEAT_SEEDS"
      },
      {
        "value": "Blocks.RED_FLOWER#4"
      },
      {
        "value": ""
      },
      {
        "value": "CUSTOM:EmtpyBasket"
      },
      {
        "value": ""
      }
    ],
    "recipeReturnStack": {
      "value": "CUSTOM:TulipBasket"
    },
    "name": "rec_tulip_basket",
    "namespace": "mod"
  }
}