{
  "_fv": 24,
  "_type": "recipe",
  "definition": {
    "recipeType": "Crafting",
    "xpReward": 0.0,
    "cookingTime": 200,
    "recipeRetstackSize": 1,
    "group": "",
    "recipeShapeless": true,
    "recipeSlots": [
      {
        "value": ""
      },
      {
        "value": ""
      },
      {
        "value": ""
      },
      {
        "value": "Blocks.RED_FLOWER#8"
      },
      {
        "value": "Items.WHEAT_SEEDS"
      },
      {
        "value": "Blocks.RED_FLOWER#6"
      },
      {
        "value": ""
      },
      {
        "value": "CUSTOM:EmtpyBasket"
      },
      {
        "value": ""
      }
    ],
    "recipeReturnStack": {
      "value": "CUSTOM:WhiteBasket"
    },
    "name": "rec_white_basket",
    "namespace": "mod"
  }
}