{
  "_fv": 33,
  "_type": "recipe",
  "definition": {
    "recipeType": "Crafting",
    "xpReward": 0.0,
    "cookingTime": 200,
    "recipeRetstackSize": 4,
    "group": "",
    "recipeShapeless": false,
    "recipeSlots": [
      {
        "value": ""
      },
      {
        "value": ""
      },
      {
        "value": "CUSTOM:SteelTiles"
      },
      {
        "value": ""
      },
      {
        "value": "CUSTOM:SteelTiles"
      },
      {
        "value": "CUSTOM:SteelTiles"
      },
      {
        "value": "CUSTOM:SteelTiles"
      },
      {
        "value": "CUSTOM:SteelTiles"
      },
      {
        "value": "CUSTOM:SteelTiles"
      }
    ],
    "recipeReturnStack": {
      "value": "CUSTOM:SteelStairs"
    },
    "name": "rec_1_steel_stairs",
    "namespace": "mod"
  }
}