{
  "_fv": 33,
  "_type": "recipe",
  "definition": {
    "recipeType": "Crafting",
    "xpReward": 0.0,
    "cookingTime": 200,
    "recipeRetstackSize": 1,
    "group": "",
    "recipeShapeless": false,
    "recipeSlots": [
      {
        "value": ""
      },
      {
        "value": "CUSTOM:BlackSteelPlating"
      },
      {
        "value": ""
      },
      {
        "value": ""
      },
      {
        "value": ""
      },
      {
        "value": "CUSTOM:SteelPillar"
      },
      {
        "value": "CUSTOM:SteelPlating"
      },
      {
        "value": "CUSTOM:SteelPlating"
      },
      {
        "value": "CUSTOM:SteelPlating"
      }
    ],
    "recipeReturnStack": {
      "value": "CUSTOM:EnginePiston"
    },
    "name": "rec_2_engine_piston",
    "namespace": "mod"
  }
}