{
  "_fv": 33,
  "_type": "recipe",
  "definition": {
    "recipeType": "Crafting",
    "xpReward": 0.0,
    "cookingTime": 200,
    "recipeRetstackSize": 4,
    "group": "",
    "recipeShapeless": false,
    "recipeSlots": [
      {
        "value": ""
      },
      {
        "value": "Items.DYE#1"
      },
      {
        "value": ""
      },
      {
        "value": ""
      },
      {
        "value": "TAG:forge:ingots/steel"
      },
      {
        "value": ""
      },
      {
        "value": "Items.DYE#1"
      },
      {
        "value": ""
      },
      {
        "value": "Items.DYE#1"
      }
    ],
    "recipeReturnStack": {
      "value": "CUSTOM:AlarmSign"
    },
    "name": "rec_alarm_sign",
    "namespace": "mod"
  }
}