{
  "_fv": 33,
  "_type": "recipe",
  "definition": {
    "recipeType": "Crafting",
    "xpReward": 0.0,
    "cookingTime": 200,
    "recipeRetstackSize": 4,
    "group": "",
    "recipeShapeless": true,
    "recipeSlots": [
      {
        "value": ""
      },
      {
        "value": ""
      },
      {
        "value": ""
      },
      {
        "value": "Blocks.COBBLED_DEEPSLATE"
      },
      {
        "value": "Blocks.GRAVEL"
      },
      {
        "value": ""
      },
      {
        "value": "Blocks.GRAVEL"
      },
      {
        "value": "Blocks.COBBLED_DEEPSLATE"
      },
      {
        "value": ""
      }
    ],
    "recipeReturnStack": {
      "value": "CUSTOM:Ballast"
    },
    "name": "rec_ballast",
    "namespace": "mod"
  }
}