{
  "_fv": 33,
  "_type": "recipe",
  "definition": {
    "recipeType": "Crafting",
    "xpReward": 0.0,
    "cookingTime": 200,
    "recipeRetstackSize": 4,
    "group": "",
    "recipeShapeless": true,
    "recipeSlots": [
      {
        "value": "Items.DYE#18"
      },
      {
        "value": "Blocks.STONE#0"
      },
      {
        "value": ""
      },
      {
        "value": "Blocks.STONE#0"
      },
      {
        "value": "Items.DYE#18"
      },
      {
        "value": ""
      },
      {
        "value": ""
      },
      {
        "value": ""
      },
      {
        "value": ""
      }
    ],
    "recipeReturnStack": {
      "value": "CUSTOM:BlueScreen"
    },
    "name": "rec_blue_screen",
    "namespace": "mod"
  }
}