{
  "_fv": 33,
  "_type": "recipe",
  "definition": {
    "recipeType": "Crafting",
    "xpReward": 0.0,
    "cookingTime": 200,
    "recipeRetstackSize": 4,
    "group": "",
    "recipeShapeless": true,
    "recipeSlots": [
      {
        "value": "Items.DYE#17"
      },
      {
        "value": "Blocks.STONE#0"
      },
      {
        "value": ""
      },
      {
        "value": "Blocks.STONE#0"
      },
      {
        "value": "Items.DYE#17"
      },
      {
        "value": ""
      },
      {
        "value": ""
      },
      {
        "value": ""
      },
      {
        "value": ""
      }
    ],
    "recipeReturnStack": {
      "value": "CUSTOM:BrownScreen"
    },
    "name": "rec_brown_screen",
    "namespace": "mod"
  }
}