{
  "_fv": 33,
  "_type": "recipe",
  "definition": {
    "recipeType": "Crafting",
    "xpReward": 0.0,
    "cookingTime": 200,
    "recipeRetstackSize": 1,
    "group": "",
    "recipeShapeless": false,
    "recipeSlots": [
      {
        "value": ""
      },
      {
        "value": "Items.GOLD_NUGGET"
      },
      {
        "value": ""
      },
      {
        "value": ""
      },
      {
        "value": "CUSTOM:CyanSteelTank"
      },
      {
        "value": ""
      },
      {
        "value": ""
      },
      {
        "value": "Items.GOLD_NUGGET"
      },
      {
        "value": ""
      }
    ],
    "recipeReturnStack": {
      "value": "CUSTOM:CyanGildedSteelTank"
    },
    "name": "rec_cyan_gilded_steel_tank",
    "namespace": "mod"
  }
}