{
  "_fv": 33,
  "_type": "recipe",
  "definition": {
    "recipeType": "Crafting",
    "xpReward": 0.0,
    "cookingTime": 200,
    "recipeRetstackSize": 6,
    "group": "",
    "recipeShapeless": false,
    "recipeSlots": [
      {
        "value": ""
      },
      {
        "value": ""
      },
      {
        "value": ""
      },
      {
        "value": "CUSTOM:CyanSteelPlating"
      },
      {
        "value": "CUSTOM:CyanSteelPlating"
      },
      {
        "value": "CUSTOM:CyanSteelPlating"
      },
      {
        "value": "CUSTOM:CyanSteelPlating"
      },
      {
        "value": "CUSTOM:CyanSteelPlating"
      },
      {
        "value": "CUSTOM:CyanSteelPlating"
      }
    ],
    "recipeReturnStack": {
      "value": "CUSTOM:CyanSteelWall"
    },
    "name": "rec_cyan_steel_wall",
    "namespace": "mod"
  }
}