{
  "_fv": 33,
  "_type": "recipe",
  "definition": {
    "recipeType": "Crafting",
    "xpReward": 0.0,
    "cookingTime": 200,
    "recipeRetstackSize": 8,
    "group": "",
    "recipeShapeless": true,
    "recipeSlots": [
      {
        "value": "CUSTOM:SteelPlating"
      },
      {
        "value": "CUSTOM:SteelPlating"
      },
      {
        "value": "CUSTOM:SteelPlating"
      },
      {
        "value": "CUSTOM:SteelPlating"
      },
      {
        "value": "Items.DYE#2"
      },
      {
        "value": "CUSTOM:SteelPlating"
      },
      {
        "value": "CUSTOM:SteelPlating"
      },
      {
        "value": "CUSTOM:SteelPlating"
      },
      {
        "value": "CUSTOM:SteelPlating"
      }
    ],
    "recipeReturnStack": {
      "value": "CUSTOM:GreenSteelPlating"
    },
    "name": "rec_green_steel_plating",
    "namespace": "mod"
  }
}