{
  "_fv": 33,
  "_type": "recipe",
  "definition": {
    "recipeType": "Crafting",
    "xpReward": 0.0,
    "cookingTime": 200,
    "recipeRetstackSize": 1,
    "group": "",
    "recipeShapeless": true,
    "recipeSlots": [
      {
        "value": ""
      },
      {
        "value": ""
      },
      {
        "value": ""
      },
      {
        "value": ""
      },
      {
        "value": "CUSTOM:BasicCircuit"
      },
      {
        "value": ""
      },
      {
        "value": ""
      },
      {
        "value": "Items.BLAZE_ROD"
      },
      {
        "value": ""
      }
    ],
    "recipeReturnStack": {
      "value": "CUSTOM:GreenCircuitBlazeHurt"
    },
    "name": "rec_green_circuit_blaze_hurt",
    "namespace": "mod"
  }
}