{
  "_fv": 28,
  "_type": "recipe",
  "definition": {
    "recipeType": "Crafting",
    "xpReward": 0.0,
    "cookingTime": 200,
    "recipeRetstackSize": 4,
    "group": "",
    "recipeShapeless": false,
    "recipeSlots": [
      {
        "value": ""
      },
      {
        "value": "Items.DYE#11"
      },
      {
        "value": ""
      },
      {
        "value": ""
      },
      {
        "value": "TAG:forge:ingots/steel"
      },
      {
        "value": ""
      },
      {
        "value": "Items.ARROW"
      },
      {
        "value": ""
      },
      {
        "value": "Items.ARROW"
      }
    ],
    "recipeReturnStack": {
      "value": "CUSTOM:ArrowReturnSign"
    },
    "name": "rec_arrow_return_sign",
    "namespace": "mod"
  }
}