{
  "_fv": 28,
  "_type": "recipe",
  "definition": {
    "recipeType": "Crafting",
    "xpReward": 0.0,
    "cookingTime": 200,
    "recipeRetstackSize": 1,
    "group": "",
    "recipeShapeless": false,
    "recipeSlots": [
      {
        "value": "CUSTOM:BlueQuiltedWool"
      },
      {
        "value": "CUSTOM:BlueQuiltedWool"
      },
      {
        "value": ""
      },
      {
        "value": "Blocks.PLANKS"
      },
      {
        "value": "Blocks.PLANKS"
      },
      {
        "value": ""
      },
      {
        "value": ""
      },
      {
        "value": ""
      },
      {
        "value": ""
      }
    ],
    "recipeReturnStack": {
      "value": "CUSTOM:BlueChair"
    },
    "name": "rec_blue_chair",
    "namespace": "mod"
  }
}