{
  "_fv": 28,
  "_type": "recipe",
  "definition": {
    "recipeType": "Crafting",
    "xpReward": 0.0,
    "cookingTime": 200,
    "recipeRetstackSize": 6,
    "group": "",
    "recipeShapeless": false,
    "recipeSlots": [
      {
        "value": ""
      },
      {
        "value": ""
      },
      {
        "value": ""
      },
      {
        "value": ""
      },
      {
        "value": ""
      },
      {
        "value": ""
      },
      {
        "value": "Blocks.DIRT#0"
      },
      {
        "value": "Blocks.DIRT#0"
      },
      {
        "value": "Blocks.DIRT#0"
      }
    ],
    "recipeReturnStack": {
      "value": "CUSTOM:DirtSlab"
    },
    "name": "rec_dirt_slab",
    "namespace": "mod"
  }
}