{
  "_fv": 28,
  "_type": "recipe",
  "definition": {
    "recipeType": "Crafting",
    "xpReward": 0.0,
    "cookingTime": 200,
    "recipeRetstackSize": 4,
    "group": "",
    "recipeShapeless": false,
    "recipeSlots": [
      {
        "value": ""
      },
      {
        "value": "Blocks.LOG#0"
      },
      {
        "value": ""
      },
      {
        "value": "Blocks.LOG#0"
      },
      {
        "value": ""
      },
      {
        "value": "Blocks.LOG#0"
      },
      {
        "value": ""
      },
      {
        "value": "Blocks.LOG#0"
      },
      {
        "value": ""
      }
    ],
    "recipeReturnStack": {
      "value": "CUSTOM:FullLogPile"
    },
    "name": "rec_full_log_pile",
    "namespace": "mod"
  }
}