{
  "_fv": 28,
  "_type": "recipe",
  "definition": {
    "recipeType": "Crafting",
    "xpReward": 0.0,
    "cookingTime": 200,
    "recipeRetstackSize": 8,
    "group": "",
    "recipeShapeless": false,
    "recipeSlots": [
      {
        "value": "Items.DYE#10"
      },
      {
        "value": "Items.DYE#10"
      },
      {
        "value": "Items.DYE#10"
      },
      {
        "value": "Blocks.STONE#0"
      },
      {
        "value": "Blocks.STONE#0"
      },
      {
        "value": "Blocks.STONE#0"
      },
      {
        "value": "Items.DYE#10"
      },
      {
        "value": "Items.DYE#10"
      },
      {
        "value": "Items.DYE#10"
      }
    ],
    "recipeReturnStack": {
      "value": "CUSTOM:GreenScreen"
    },
    "name": "rec_green_screen",
    "namespace": "mod"
  }
}