{
  "_fv": 28,
  "_type": "recipe",
  "definition": {
    "recipeType": "Crafting",
    "xpReward": 0.0,
    "cookingTime": 200,
    "recipeRetstackSize": 2,
    "group": "",
    "recipeShapeless": false,
    "recipeSlots": [
      {
        "value": ""
      },
      {
        "value": ""
      },
      {
        "value": ""
      },
      {
        "value": "CUSTOM:ComputerTerminal"
      },
      {
        "value": "Blocks.STAINED_GLASS_PANE#3"
      },
      {
        "value": "Blocks.STAINED_GLASS_PANE#3"
      },
      {
        "value": ""
      },
      {
        "value": ""
      },
      {
        "value": ""
      }
    ],
    "recipeReturnStack": {
      "value": "CUSTOM:IsolinearFrontBlue"
    },
    "name": "rec_isolinear_front_blue",
    "namespace": "mod"
  }
}