{
  "_fv": 28,
  "_type": "recipe",
  "definition": {
    "recipeType": "Crafting",
    "xpReward": 0.0,
    "cookingTime": 200,
    "recipeRetstackSize": 8,
    "group": "",
    "recipeShapeless": false,
    "recipeSlots": [
      {
        "value": "CUSTOM:LightGraySteelPlating"
      },
      {
        "value": "CUSTOM:LightGraySteelPlating"
      },
      {
        "value": "CUSTOM:LightGraySteelPlating"
      },
      {
        "value": "CUSTOM:LightGraySteelPlating"
      },
      {
        "value": ""
      },
      {
        "value": "CUSTOM:LightGraySteelPlating"
      },
      {
        "value": "CUSTOM:LightGraySteelPlating"
      },
      {
        "value": "CUSTOM:LightGraySteelPlating"
      },
      {
        "value": "CUSTOM:LightGraySteelPlating"
      }
    ],
    "recipeReturnStack": {
      "value": "CUSTOM:LightGraySteelTank"
    },
    "name": "rec_light_gray_steel_tank",
    "namespace": "mod"
  }
}