{
  "_fv": 28,
  "_type": "recipe",
  "definition": {
    "recipeType": "Crafting",
    "xpReward": 0.0,
    "cookingTime": 200,
    "recipeRetstackSize": 4,
    "group": "",
    "recipeShapeless": false,
    "recipeSlots": [
      {
        "value": ""
      },
      {
        "value": "CUSTOM:LaboratoryBlock"
      },
      {
        "value": ""
      },
      {
        "value": "CUSTOM:LaboratoryBlock"
      },
      {
        "value": "Blocks.REDSTONE_TORCH"
      },
      {
        "value": "CUSTOM:LaboratoryBlock"
      },
      {
        "value": ""
      },
      {
        "value": "CUSTOM:LaboratoryBlock"
      },
      {
        "value": ""
      }
    ],
    "recipeReturnStack": {
      "value": "CUSTOM:LaboratoryPanel"
    },
    "name": "rec_laboratory_panel",
    "namespace": "mod"
  }
}