{
  "_fv": 28,
  "_type": "recipe",
  "definition": {
    "recipeType": "Crafting",
    "xpReward": 0.0,
    "cookingTime": 200,
    "recipeRetstackSize": 6,
    "group": "",
    "recipeShapeless": false,
    "recipeSlots": [
      {
        "value": "Blocks.STONE#0"
      },
      {
        "value": "Blocks.STONE#0"
      },
      {
        "value": "Blocks.STONE#0"
      },
      {
        "value": "Blocks.GLASS"
      },
      {
        "value": "Blocks.GLASS"
      },
      {
        "value": "Blocks.GLASS"
      },
      {
        "value": "Blocks.STONE#0"
      },
      {
        "value": "Blocks.STONE#0"
      },
      {
        "value": "Blocks.STONE#0"
      }
    ],
    "recipeReturnStack": {
      "value": "CUSTOM:OnewayStone"
    },
    "name": "rec_oneway_glass",
    "namespace": "mod"
  }
}